PMID,Title,Journal,Publication Year,DOI,Paper Type,Abstract,Citations,Preprint PMID,Preprint DOI,is_preprint,preprint_of,preprint_in
42440036,"Bioimage analysis in deep visual proteomics: Advancing transparency, reproducibility, and FAIR principles",Journal of microscopy,2026,10.1111/jmi.70145,Disease Application,"Deep Visual Proteomics (DVP) combines high-resolution microscopy, computational instance segmentation, laser capture microdissection (LMD), and ultrasensitive mass spectrometry to enable spatially resolved molecular analysis of defined cellular populations. Within this workflow, LMD plays a central role by physically isolating microscopy-defined regions of interest for downstream proteomic profiling. However, accurate image-to-stage transfer remains challenging due to limitations in imaging resolution, tissue preparation variability, laser cutting parameters, and partially manual alignment procedures. Here, we present an open-source semi-automated image-to-LMD interoperability framework for DVP that integrates fiducial marker detection, coordinate transformation, and segmentation-driven contour export for reproducible microdissection. Using neutrophil isolation from murine urinary bladder tissue as a representative use case, we demonstrate robust alignment of computationally defined cellular boundaries with LMD-guided excision. By improving interoperability, transparency, and workflow standardisation, this framework strengthens the integration of microscopy and spatial proteomics and supports reproducible analysis of spatially defined immune cell populations.",0,,,False,,
42381461,Spatially Resolved Proteomic Cartography Illuminates the Earliest Molecular Programs in Pancreatic Cancer Evolution,Cancer discovery,2026,10.1158/2159-8290.cd-26-1022,Disease Application,"Min, Schweizer, and colleagues use artificial intelligence-powered deep visual proteomics to generate a spatial proteomic atlas of pancreatic cancer precursor evolution, revealing that major metabolic and inflammatory reprogramming occurs long before overt histologic transformation. More broadly, the study highlights the emerging potential of spatial proteomics and multiomics to bridge histopathology with molecular pathology and precision oncology. See related article by Min et al., p. 1323.",0,,,False,,
42427344,A guide to laser microdissection-based proteomics,The FEBS journal,2026,10.1111/febs.70653,Review,"Laser microdissection-based proteomics enables spatially resolved profiling of the proteome within intact tissue. Recent advances in histology, image analysis, laser microdissection and mass spectrometry have markedly increased the capability of this technology and driven the development of a range of powerful workflows. These now extend from regional tissue proteomics to emerging single-cell applications, with subcellular proteome mapping on the horizon. In this review, we examine the current state of laser microdissection (LMD)-based proteomics, outline what these approaches can offer, describe the standard workflow, and discuss which applications and instrumentation are best suited to address specific biological questions. We also highlight the strengths and limitations of current workflows and direct readers to key publications that describe and exemplify their successful implementation.",0,,,False,,
40934911,Deep visual proteomics reveals an in vivo-like phenotype of orthotopically transplanted human colon organoids,Cell systems,2025,10.1016/j.cels.2025.101396,Disease Application,"Intestinal epithelial damage predisposes to disorders like inflammatory bowel disease (IBD), with organoid transplantation emerging as a potential treatment. However, it is not known how well organoids recapitulate in vivo intestinal epithelial cells (IECs). We employed deep visual proteomics (DVP), integrating AI-guided cell classification, laser microdissection, and ultra-high-sensitivity proteomics at the single-cell level to generate an in-depth proteome resource of IECs directly isolated from the human colon and organoids. While in vitro organoids display high proliferation and low functional signatures, xenotransplantation induces a remarkable shift toward an in vivo-like phenotype. We recapitulated this transition by modifying culture conditions. Our data provide a comprehensive spatial proteomics resource and validate xenotransplanted organoids as suitable models for studying human IEC behavior with unprecedented molecular detail and demonstrate their clinical potential for patients with IBD and other intestinal disorders. A record of this paper's transparent peer review process is included in the supplemental information.",7,PPR852450,10.1101/2024.05.13.593888,False,,PPR852450
40675342,Novel Insights Into the Progression of α1-Antitrypsin Deficiency-Associated Liver Disease Using Artificial Intelligence-Driven Deep Visual Proteomics,Gastroenterology,2025,10.1053/j.gastro.2025.07.008,Disease Application,,0,,,False,,
41629712,Immunofluorescence Imaging-Guided Laser Microdissection for Ultralow Input Spatial Tissue Proteomics,"Methods in molecular biology (Clifton, N.J.)",2026,10.1007/978-1-0716-5154-4_7,Disease Application,"Laser microdissection (LMD) enables the precise isolation of specific cells or regions of interest from tissue sections, guiding downstream molecular analyses with high spatial resolution. In this protocol, we describe an optimized protocol combining whole-slide immunofluorescence imaging, LMD, and low-input liquid chromatography (LC) mass spectrometry (MS)-based proteomics of FFPE tissue sections.",0,,,False,,
40360936,Deep Visual Proteomics elucidates α1-antitrypsin deficiency,Nature reviews. Gastroenterology & hepatology,2025,10.1038/s41575-025-01079-3,Review,,0,,,False,,
41629719,Artificial Intelligence-Driven Laser Capture Microdissection,"Methods in molecular biology (Clifton, N.J.)",2026,10.1007/978-1-0716-5154-4_14,Disease Application,"Laser capture microdissection enables precise isolation of regions of interest (ROIs) from tissue sections, allowing researchers to investigate tissue heterogeneity with spatial resolution. This technique has been integrated with various omics approaches, including transcriptomics and proteomics, to enhance sensitivity and expand coverage beyond traditional bulk analysis methods. Among these, mass spectrometry (MS)-based proteomics has emerged as a particularly powerful tool by enabling the reliable identification of even low-abundance proteins and facilitating the discovery of novel disease biomarkers.Recently, both laser capture microdissection and MS-based proteomics have been significantly shaped by the rapid advancement and widespread adoption of artificial intelligence (AI). In fact, deep learning, a subfield of AI, has been used to improve bioimage analysis for ROI selection in laser capture microdissection workflows. Concurrently, AI-based methods are increasingly being used to manage and interpret high-dimensional data generated by MS-based proteomics, further enhancing analytical depth and reproducibility.Despite this progress, current workflows often lack scalability and flexibility, limiting their broader application in clinical and translational settings. To address these challenges, we have developed an AI-driven laser capture microdissection protocol optimized for hematoxylin and eosin (H&E)-stained slides derived from formalin-fixed paraffin-embedded (FFPE) patient samples. The widespread availability of FFPE tissues and the simplicity of H&E staining make this approach both accessible and adaptable for investigating diverse disease contexts, with the potential to advance spatial proteomics at scale.",0,,,False,,
42013410,AI-Powered Deep Visual Proteomics Reveals Critical Molecular Transitions in Pancreatic Cancer Precursors,Cancer discovery,2026,10.1158/2159-8290.cd-25-1119,Disease Application,"Pancreatic ductal adenocarcinoma (PDAC) evolves through precursors, yet the protein programs governing early progression remain poorly defined. We applied Deep Visual Proteomics (DVP)-integrating computational pathology, laser microdissection, and mass spectrometry (MS)-to profile normal ducts, acinar-to-ductal metaplasia (ADM), low-grade (LG) and high-grade (HG) pancreatic intraepithelial neoplasia (PanIN), and invasive carcinoma from organ donors and patients with PDAC. Quantifying 9,181 proteins from ∼100 cells per region, we uncovered a molecular field effect in histologically normal ducts and proteomic divergence of LG-PanINs by cancer context. We identified four stage-associated molecular programs. Stress adaptation and immune engagement emerged early in cancer-associated normal ducts. Metabolic reprogramming initiated in normal ducts and intensified across PanIN progression. Mitochondrial remodeling became prominent in HG-PanINs before invasion. MS detected KRAS hotspot mutant peptides within incidental precursor lesions from cancer-free individuals. These findings demonstrate that molecular reprogramming precedes histologic transformation, creating opportunities for earlier detection of lethal cancer.<h4>Significance</h4>Artificial intelligence (AI)-guided DVP represents the first in-depth assessment of the proteomic landscapes observed during the multistep progression of pancreatic adenocarcinoma, including histologically normal ducts, ADM, and LG- and HG-PanIN lesions. These data represent a unique resource of candidate biomarkers and interception targets against this lethal disease. See related commentary by Yang and Fan, p. 1255.",0,PPR1047858,10.1101/2025.07.07.663528,False,,PPR1047858
40680990,"A perspective on integrating digital pathology, proteomics, clinical data and AI analytics in cancer research",Journal of proteomics,2025,10.1016/j.jprot.2025.105493,Review,"Nearly 40 % of individuals will be diagnosed with cancer in their lifetime, translating to an estimated 20 million new cases annually. Despite remarkable therapeutic advances, only 15-20 % of patients achieve durable responses to immunotherapy, and the high cost of treatment (illustrated by immune checkpoint inhibitors like pembrolizumab and nivolumab, totaling roughly $191,000 per year) remains a formidable global challenge. The convergence of digital pathology, high-throughput molecular profiling, and advanced computational strategies has the potential to transform cancer research. By integrating high-resolution morphological data with proteomic, transcriptomic, and spatial molecular insights, we can elucidate the complex interplay between tumor cells and their microenvironment. In this perspective, we review how emerging techniques, from AI-driven image analysis to deep visual proteomics, can accelerate biomarker discovery, refine patient stratification, and ultimately improve clinical outcomes. We illustrate these principles with a case study in melanoma, where the integration of digital pathology and deep proteomic profiling uncovered a molecular signature predictive of recurrence in early-stage disease. As these technologies evolve, we foresee a future of precision oncology characterized by the seamless integration of morphological, clinical, and molecular data enabled by AI-driven analytics. SIGNIFICANCE: This perspective represents a pivotal step toward transforming cancer research by bridging the gap between traditional histopathological evaluation and modern molecular analytics. By integrating digital pathology with spatial proteomics and advanced AI-driven analytics, our approach provides a multidimensional view of tumor biology that captures both morphological nuances and molecular heterogeneity. This comprehensive framework not only enhances our understanding of the tumor microenvironment but also facilitates the discovery of robust biomarkers for disease recurrence and therapeutic response. Ultimately, our findings underscore the potential of precision oncology to tailor treatment strategies to individual patient profiles, thereby improving clinical outcomes and guiding the next generation of personalized cancer care.",0,,,False,,
41965357,Deep visual proteomics uncovers nociceptor diversity and pain targets,Nature communications,2026,10.1038/s41467-026-71418-8,Disease Application,"The richness of our somatosensory experience is reflected in the functional diversity of somatic sensory neurons. Single-cell RNA sequencing of sensory neurons has revealed a molecular basis for such diversity<sup>1-3</sup>. However, sensory neuron diversity has yet to be captured at the level of the proteome. Here, we combined electrophysiology with deep visual proteomics <sup>4</sup> to quantify over 6000 proteins from phenotypically-defined sensory neurons in mice and identified proteomic markers of sensory neuron subtypes. Comparative analysis revealed both concordance and meaningful divergence between transcriptomes and proteomes. We further show that up to 3000 proteins can be quantified from one-fourth of a single neuron, demonstrating subset-specific protein signatures. In culture, nociceptive neurons can be acutely sensitized to mechanical stimuli by nerve growth factor (NGF) which normally drives inflammatory pain in vivo<sup>5</sup>. Indeed, overnight exposure of peptidergic nociceptors to NGF and a protein kinase C (PKC) activator produced functional sensitization associated with proteome changes. Functional knockdown experiments identified the up-regulated B3GNT2 enzyme as a potential effector of nociceptor sensitization. In summary, we present a high-resolution proteomic resource linking molecular identity to function, enabling the discovery of mechanisms underlying somatic sensation and pain sensitization.",2,PPR1088685,10.1101/2025.09.20.677124,False,,
41655216,Integrating Spatial Proteogenomics in Cancer Research,"Advanced science (Weinheim, Baden-Wurttemberg, Germany)",2026,10.1002/advs.202520744,Review,"<h4>Background</h4>Spatial proteogenomics marks a paradigm shift in oncology by integrating molecular analysis with spatial information from both spatial proteomics and other data modalities (e.g., spatial transcriptomics), thereby unveiling tumor heterogeneity and dynamic changes in the microenvironment.<h4>Methods</h4>We systematically reviewed the evolution of spatial proteogenomics, from single-modality profiling to integration with transcriptomics and metabolomics, from the detection of abundant proteins to exploration of ""dark proteome"" with low abundance or stability, and from analytic software based on traditional machine learning algorithms to advanced artificial intelligence-driven analytical frameworks.<h4>Results</h4>Key advances of sub-fields of spatial proteogenomics include: RNA-protein co-localization: Spatial CITE-seq, enabling RNA-protein co-localization to reveal immune microenvironmental patterns and neoantigen distribution. Spatial Proteomics + Spatial Metabolomics: Matrix-assisted laser desorption/ionization imaging (MALDI), overcoming protein detection bottlenecks and capturing metabolic reprogramming. Deep visual proteomics (DVP): achieving unbiased spatial analysis via AI-guided microdissection. Spatial-aware multiplex dark proteome approaches: Examples are nanodroplet processing in one pot for trace samples (NanoPOTS) and proteoform imaging mass spectrometry (PiMS). Multimodal foundation AI models: Examples are KRONOS and HEIST, which integrate multiple data modalities and significantly improve diagnostic precision and therapeutic prediction.<h4>Conclusions and future directions</h4>Despite challenges of resolution, standardization, and data complexity, spatial proteomics is advancing rapidly. Together with frontier technologies such as quantum computing, live imaging, and organoid integration, it is driving breakthroughs in cancer diagnosis, personalized immunotherapy, and drug development.",0,,,False,,
39814024,Deciphering functional tumor-immune crosstalk through highly multiplexed imaging and deep visual proteomics,Molecular cell,2025,10.1016/j.molcel.2024.12.023,Disease Application,"Deciphering the intricate tumor-immune interactions within the microenvironment is crucial for advancing cancer immunotherapy. Here, we introduce mipDVP, an advanced approach integrating highly multiplexed imaging, single-cell laser microdissection, and sensitive mass spectrometry to spatially profile the proteomes of distinct cell populations in a human colorectal and tonsil cancer with high sensitivity. In a colorectal tumor-a representative cold tumor-we uncovered spatial compartmentalization of an immunosuppressive macrophage barrier that potentially impedes T cell infiltration. Spatial proteomic analysis revealed distinct functional states of T cells in different tumor compartments. In a tonsil cancer sample-a hot tumor-we identified significant proteomic heterogeneity among cells influenced by proximity to cytotoxic T cell subtypes. T cells in the tumor parenchyma exhibit metabolic adaptations to hypoxic regions. Our spatially resolved, highly multiplexed strategy deciphers the complex cellular interplay within the tumor microenvironment, offering valuable insights for identifying immunotherapy targets and predictive signatures.",20,PPR856724,10.1101/2024.05.22.595266,False,,PPR856724
40578359,Spatial proteo-transcriptomic profiling reveals the molecular landscape of borderline ovarian tumors and their invasive progression,Cancer cell,2025,10.1016/j.ccell.2025.06.004,Disease Application,"Epithelial serous borderline tumors (SBT) are non-invasive neoplastic ovarian lesions that may recur as chemo-resistant low-grade serous cancer (LGSC). While genetic alterations suggest a common origin, the transition from SBT to LGSC remains poorly understood. Here, we integrate cell-type resolved spatial proteomics and transcriptomics to elucidate the evolution from SBT to LGSC and its corresponding metastases in both stroma and tumor. The transition occurs within the epithelial compartment through an intermediary stage with micropapillary features, during which LGSC overexpresses c-Met and several brain-specific proteins. Within the tumor microenvironment, interconnectivity between cancer and stromal cells, along with enzymes degrading a packed extracellular matrix, suggests functional collaboration among various cell types. We functionally validated 16 drug targets identified through integrated spatial transcriptomics and proteomics. Combined treatment targeting CDK4/6 (milciclib) and FOLR1 (mirvetuximab) achieved significant tumor reduction in vivo, representing a promising therapeutic strategy for LGSC.",18,PPR758745,10.1101/2023.11.13.23298409,False,,PPR758745
39910169,Deep visual proteomics reveals DNA replication stress as a hallmark of signet ring cell carcinoma,NPJ precision oncology,2025,10.1038/s41698-025-00819-7,Disease Application,"Signet Ring Cell Carcinoma (SRCC) is a rare and highly malignant form of adenocarcinoma with increasing incidence and poor prognosis due to late diagnosis and limited treatment options. We employed Deep Visual Proteomics (DVP), which combines AI-directed cell segmentation and classification with laser microdissection and ultra-high sensitivity mass spectrometry, for cell-type-specific proteomic analysis of SRCC across the bladder, prostate, seminal vesicle, and a lymph node of a single patient. DVP identified significant alterations in DNA damage response (DDR) proteins, particularly within the ATR and mismatch repair (MMR) pathways, indicating replication stress as a crucial factor in SRCC mutagenicity. Additionally, we observed substantial enrichment of immune-related proteins, reflecting high levels of cytotoxic T lymphocyte infiltration and elevated PD-1 expression. These findings suggest that pembrolizumab immunotherapy may be more effective than conventional chemotherapy for this patient. Our results provide novel insights into the proteomic landscape of SRCC, identify potential targets, and open up for personalized therapeutic strategies in managing SRCC.",6,PPR892251,10.1101/2024.08.07.606985,False,,PPR892251
41721135,Single-cell spatial proteomics maps human liver zonation patterns and their vulnerability to disruption in tissue architecture,Nature metabolism,2026,10.1038/s42255-026-01459-2,Disease Application,"Understanding protein distribution patterns across tissue architecture is crucial for deciphering organ function in health and disease. Here we show the application of single-cell Deep Visual Proteomics to perform spatially resolved proteome analysis of individual cells in native liver tissue. We built a robust framework comprising strategic cell selection and continuous protein gradient mapping, allowing the investigation of larger clinical cohorts. We generated a comprehensive spatial map of the human hepatic proteome by analysing hundreds of isolated hepatocytes from 18 individuals. Among the 2,500 proteins identified per cell, about half exhibited zonated expression patterns. Cross-species comparison with male mice revealed conserved metabolic functions and human-specific features of liver zonation. Analysis of samples with disrupted liver architecture demonstrated widespread loss of protein zonation, with pericentral proteins being particularly susceptible. Our study provides a comprehensive and open-access resource of human liver organization while establishing a broadly applicable framework for spatial proteomics analyses along tissue gradients.",10,PPR1003415,10.1101/2025.04.13.648568,False,,PPR1003415
40240610,Deep Visual Proteomics maps proteotoxicity in a genetic liver disease,Nature,2025,10.1038/s41586-025-08885-4,Disease Application,"Protein misfolding diseases, including α1-antitrypsin deficiency (AATD), pose substantial health challenges, with their cellular progression still poorly understood<sup>1-3</sup>. We use spatial proteomics by mass spectrometry and machine learning to map AATD in human liver tissue. Combining Deep Visual Proteomics (DVP) with single-cell analysis<sup>4,5</sup>, we probe intact patient biopsies to resolve molecular events during hepatocyte stress in pseudotime across fibrosis stages. We achieve proteome depth of up to 4,300 proteins from one-third of a single cell in formalin-fixed, paraffin-embedded tissue. This dataset reveals a potentially clinically actionable peroxisomal upregulation that precedes the canonical unfolded protein response. Our single-cell proteomics data show α1-antitrypsin accumulation is largely cell-intrinsic, with minimal stress propagation between hepatocytes. We integrated proteomic data with artificial intelligence-guided image-based phenotyping across several disease stages, revealing a late-stage hepatocyte phenotype characterized by globular protein aggregates and distinct proteomic signatures, notably including elevated TNFSF10 (also known as TRAIL) amounts. This phenotype may represent a critical disease progression stage. Our study offers new insights into AATD pathogenesis and introduces a powerful methodology for high-resolution, in situ proteomic analysis of complex tissues. This approach holds potential to unravel molecular mechanisms in various protein misfolding disorders, setting a new standard for understanding disease progression at the single-cell level in human tissue.",31,PPR934792,10.1101/2024.11.01.621457,False,,
40027887,Toward spatial glycomics and glycoproteomics: Innovations and applications,BBA advances,2025,10.1016/j.bbadva.2025.100146,Review,"In this mini review, we provide an overview of the challenging field of spatial glycomics/glycoproteomics. Owing to their complexity, sophisticated analytical methods and innovative technologies are needed to advance this field. An agile development approach enables unraveling aberrant glycosylations, glycobiomarkers, and glycotargets for spatial imaging, diagnosis, and therapeutic purposes. We discuss glycopathology and tissue glycomic profiling using highly sensitive lectin-based analyses and introduce deep visual proteomics for glycomic/glycoproteomic sample preparation. Additionally, we highlight the importance of leveraging laser microdissection and artificial intelligence-driven visual software for cell-type assignment and automation techniques, which are crucial for advancing glycomics/glycoproteomics.",8,,,False,,
40536875,Protocol for spatial proteomic profiling of tonsil cancer microenvironments using multiplexed imaging-powered deep visual proteomics,STAR protocols,2025,10.1016/j.xpro.2025.103901,Protocol,"Here, we present a protocol for spatial proteomic profiling of the tumor microenvironment in tonsil cancer using multiplexed imaging-powered deep visual proteomics (mipDVP). We describe steps for automated 22-plex immunofluorescence staining and imaging on formalin-fixed paraffin-embedded (FFPE) tissue sections, automated single-cell laser microdissection, and single-cell-type mass spectrometry. This workflow enables the spatially resolved isolation of distinct cell populations for proteomic analysis. We optimized this protocol for studying tumor-immune interactions, where it facilitates the systematic identification of biomarkers and functional cellular networks. For complete details on the use and execution of this protocol, please refer to Zheng et al.<sup>1</sup>.",0,,,False,,
39252972,Spatial characterization and stratification of colorectal adenomas by deep visual proteomics,iScience,2024,10.1016/j.isci.2024.110620,Disease Application,"Colorectal adenomas (CRAs) are potential precursor lesions to adenocarcinomas, currently classified by morphological features. We aimed to establish a molecular feature-based risk allocation framework toward improved patient stratification. Deep visual proteomics (DVP) is an approach that combines image-based artificial intelligence with automated microdissection and ultra-high sensitive mass spectrometry. Here, we used DVP on formalin-fixed, paraffin-embedded (FFPE) CRA tissues from nine male patients, immunohistologically stained for caudal-type homeobox 2 (CDX2), a protein implicated in colorectal cancer, enabling the characterization of cellular heterogeneity within distinct tissue regions and across patients. DVP identified DMBT1, MARCKS, and CD99 as protein markers linked to recurrence, suggesting their potential for risk assessment. It also detected a metabolic shift to anaerobic glycolysis in cells with high CDX2 expression. Our findings underscore the potential of spatial proteomics to refine early stage detection and contribute to personalized patient management strategies and provided novel insights into metabolic reprogramming.",13,PPR764959,10.1101/2023.11.25.23298987,False,,PPR764959
37909047,A framework for ultra-low-input spatial tissue proteomics,Cell systems,2023,10.1016/j.cels.2023.10.003,Disease Application,"Spatial proteomics combining microscopy-based cell phenotyping with ultrasensitive mass-spectrometry-based proteomics is an emerging and powerful concept to study cell function and heterogeneity in (patho)physiology. However, optimized workflows that preserve morphological information for phenotype discovery and maximize proteome coverage of few or even single cells from laser microdissected tissue are currently lacking. Here, we report a robust and scalable workflow for the proteomic analysis of ultra-low-input archival material. Benchmarking in murine liver resulted in up to 2,000 quantified proteins from single hepatocyte contours and nearly 5,000 proteins from 50-cell regions. Applied to human tonsil, we profiled 146 microregions including T and B lymphocyte niches and quantified cell-type-specific markers, cytokines, and transcription factors. These data also highlighted proteome dynamics within activated germinal centers, illuminating sites undergoing B cell proliferation and somatic hypermutation. This approach has broad implications in biomedicine, including early disease profiling and drug target and biomarker discovery. A record of this paper's transparent peer review process is included in the supplemental information.",40,PPR659972,10.1101/2023.05.13.540426,False,,PPR659972
40229558,Spatial proteomics in translational and clinical research,Molecular systems biology,2025,10.1038/s44320-025-00101-9,Disease Application,,16,,,False,,
37683827,A Standardized and Reproducible Workflow for Membrane Glass Slides in Routine Histology and Spatial Proteomics,Molecular & cellular proteomics : MCP,2023,10.1016/j.mcpro.2023.100643,Workflow Improvement,"Defining the molecular phenotype of single cells in situ is key for understanding tissue architecture in health and disease. Advanced imaging platforms have recently been joined by spatial omics technologies, promising unparalleled insights into the molecular landscape of biological samples. Furthermore, high-precision laser microdissection (LMD) of tissue on membrane glass slides is a powerful method for spatial omics technologies and single-cell type spatial proteomics in particular. However, current histology protocols have not been compatible with glass membrane slides and LMD for automated staining platforms and routine histology procedures. This has prevented the combination of advanced staining procedures with LMD. In this study, we describe a novel method for handling glass membrane slides that enables automated eight-color multiplexed immunofluorescence staining and high-quality imaging followed by precise laser-guided extraction of single cells. The key advance is the glycerol-based modification of heat-induced epitope retrieval protocols, termed ""G-HIER."" We find that this altered antigen-retrieval solution prevents membrane distortion. Importantly, G-HIER is fully compatible with current antigen retrieval workflows and mass spectrometry-based proteomics and does not affect proteome depth or quality. To demonstrate the versatility of G-HIER for spatial proteomics, we apply the recently introduced deep visual proteomics technology to perform single-cell type analysis of adjacent suprabasal and basal keratinocytes of human skin. G-HIER overcomes previous incompatibility of standard and advanced staining protocols with membrane glass slides and enables robust integration with routine histology procedures, high-throughput multiplexed imaging, and sophisticated downstream spatial omics technologies.",10,PPR619222,10.1101/2023.02.20.529255,False,,PPR619222
41418981,An Ultrasensitive Spatial Tissue Proteomics Workflow Exceeding 100 Proteomes Per Day,Molecular & cellular proteomics : MCP,2026,10.1016/j.mcpro.2025.101489,Disease Application,"Achieving high-resolution spatial tissue proteomes requires careful balancing and integration of optimized sample processing, chromatography, and MS acquisition. Here, we present an advanced cellenONE protocol for loss-reduced tissue processing and compare all Evosep ONE Whisper Zoom gradients (20, 40, 80, and 120 samples per day), along with three common data-independent acquisition schemes on a timsUltra athena ion processor mass spectrometer. We found that tissue type was as important as gradient length and sample amount in determining proteome coverage. Moreover, the benefit of increased tissue sampling was gradient- and dynamic range-dependent. Analyzing mouse liver, a high dynamic range tissue, over tenfold more tissue sampling led to only ∼30% gain in protein identification for short gradients (120 samples per day (SPD) and 80 SPD). However, even the lowest tested tissue amount (0.04 nl) yielded 3200 reproducibly quantified proteins for the 120 SPD method. Longer gradients (40 SPD and 20 SPD) instead significantly benefited from more tissue sampling, quantifying over 7500 proteins from 0.5 nl of tonsil T-cell niches. Finally, we applied our workflow to a rare squamous cell carcinoma of the oral cavity, uncovering disease-associated pathways and region-specific protein level changes. Our study demonstrates that more than 100 high-quality spatial tissue proteomes can be prepared and acquired daily, laying a strong foundation for cohort-size spatial tissue proteomics in translational research.",3,PPR1031759,10.1101/2025.06.02.657389,False,,PPR1031759
38513891,An Automated and Fast Sample Preparation Workflow for Laser Microdissection Guided Ultrasensitive Proteomics,Molecular & cellular proteomics : MCP,2024,10.1016/j.mcpro.2024.100750,Disease Application,"Spatial tissue proteomics integrating whole-slide imaging, laser microdissection, and ultrasensitive mass spectrometry is a powerful approach to link cellular phenotypes to functional proteome states in (patho)physiology. To be applicable to large patient cohorts and low sample input amounts, including single-cell applications, loss-minimized and streamlined end-to-end workflows are key. We here introduce an automated sample preparation protocol for laser microdissected samples utilizing the cellenONE robotic system, which has the capacity to process 192 samples in 3 h. Following laser microdissection collection directly into the proteoCHIP LF 48 or EVO 96 chip, our optimized protocol facilitates lysis, formalin de-crosslinking, and tryptic digest of low-input archival tissue samples. The seamless integration with the Evosep ONE LC system by centrifugation allows 'on-the-fly' sample clean-up, particularly pertinent for laser microdissection workflows. We validate our method in human tonsil archival tissue, where we profile proteomes of spatially-defined B-cell, T-cell, and epithelial microregions of 4000 μm<sup>2</sup> to a depth of ∼2000 proteins and with high cell type specificity. We finally provide detailed equipment templates and experimental guidelines for broad accessibility.",18,PPR767288,10.1101/2023.11.29.569257,False,,PPR767288
39415009,Spatial proteomics identifies JAKi as treatment for a lethal skin disease,Nature,2024,10.1038/s41586-024-08061-0,Disease Application,"Toxic epidermal necrolysis (TEN) is a fatal drug-induced skin reaction triggered by common medications and is an emerging public health issue<sup>1-3</sup>. Patients with TEN undergo severe and sudden epidermal detachment caused by keratinocyte cell death. Although molecular mechanisms that drive keratinocyte cell death have been proposed, the main drivers remain unknown, and there is no effective therapy for TEN<sup>4-6</sup>. Here, to systematically map molecular changes that are associated with TEN and identify potential druggable targets, we utilized deep visual proteomics, which provides single-cell-based, cell-type-resolution proteomics<sup>7,8</sup>. We analysed formalin-fixed, paraffin-embedded archived skin tissue biopsies of three types of cutaneous drug reactions with varying severity and quantified more than 5,000 proteins in keratinocytes and skin-infiltrating immune cells. This revealed a marked enrichment of type I and type II interferon signatures in the immune cell and keratinocyte compartment of patients with TEN, as well as phosphorylated STAT1 activation. Targeted inhibition with the pan-JAK inhibitor tofacitinib in vitro reduced keratinocyte-directed cytotoxicity. In vivo oral administration of tofacitinib, baricitinib or the JAK1-specific inhibitors abrocitinib or upadacitinib ameliorated clinical and histological disease severity in two distinct mouse models of TEN. Crucially, treatment with JAK inhibitors (JAKi) was safe and associated with rapid cutaneous re-epithelialization and recovery in seven patients with TEN. This study uncovers the JAK/STAT and interferon signalling pathways as key pathogenic drivers of TEN and demonstrates the potential of targeted JAKi as a curative therapy.",101,PPR758328,10.1101/2023.11.11.23295492,False,,
37783884,Spatial single-cell mass spectrometry defines zonation of the hepatocyte proteome,Nature methods,2023,10.1038/s41592-023-02007-6,Workflow Improvement,"Single-cell proteomics by mass spectrometry is emerging as a powerful and unbiased method for the characterization of biological heterogeneity. So far, it has been limited to cultured cells, whereas an expansion of the method to complex tissues would greatly enhance biological insights. Here we describe single-cell Deep Visual Proteomics (scDVP), a technology that integrates high-content imaging, laser microdissection and multiplexed mass spectrometry. scDVP resolves the context-dependent, spatial proteome of murine hepatocytes at a current depth of 1,700 proteins from a cell slice. Half of the proteome was differentially regulated in a spatial manner, with protein levels changing dramatically in proximity to the central vein. We applied machine learning to proteome classes and images, which subsequently inferred the spatial proteome from imaging data alone. scDVP is applicable to healthy and diseased tissues and complements other spatial proteomics and spatial omics technologies.",123,PPR579563,10.1101/2022.12.03.518957,False,,PPR579563
37602975,Robust dimethyl-based multiplex-DIA doubles single-cell proteome depth via a reference channel,Molecular systems biology,2023,10.15252/msb.202211503,Workflow Improvement,"Single-cell proteomics aims to characterize biological function and heterogeneity at the level of proteins in an unbiased manner. It is currently limited in proteomic depth, throughput, and robustness, which we address here by a streamlined multiplexed workflow using data-independent acquisition (mDIA). We demonstrate automated and complete dimethyl labeling of bulk or single-cell samples, without losing proteomic depth. Lys-N digestion enables five-plex quantification at MS1 and MS2 level. Because the multiplexed channels are quantitatively isolated from each other, mDIA accommodates a reference channel that does not interfere with the target channels. Our algorithm RefQuant takes advantage of this and confidently quantifies twice as many proteins per single cell compared to our previous work (Brunner et al, PMID 35226415), while our workflow currently allows routine analysis of 80 single cells per day. Finally, we combined mDIA with spatial proteomics to increase the throughput of Deep Visual Proteomics seven-fold for microdissection and four-fold for MS analysis. Applying this to primary cutaneous melanoma, we discovered proteomic signatures of cells within distinct tumor microenvironments, showcasing its potential for precision oncology.",85,PPR579636,10.1101/2022.12.02.518917,False,,PPR579636
35590073,Deep Visual Proteomics defines single-cell identity and heterogeneity,Nature biotechnology,2022,10.1038/s41587-022-01302-5,Methodology,"Despite the availabilty of imaging-based and mass-spectrometry-based methods for spatial proteomics, a key challenge remains connecting images with single-cell-resolution protein abundance measurements. Here, we introduce Deep Visual Proteomics (DVP), which combines artificial-intelligence-driven image analysis of cellular phenotypes with automated single-cell or single-nucleus laser microdissection and ultra-high-sensitivity mass spectrometry. DVP links protein abundance to complex cellular or subcellular phenotypes while preserving spatial context. By individually excising nuclei from cell culture, we classified distinct cell states with proteomic profiles defined by known and uncharacterized proteins. In an archived primary melanoma tissue, DVP identified spatially resolved proteome changes as normal melanocytes transition to fully invasive melanoma, revealing pathways that change in a spatial manner as cancer progresses, such as mRNA splicing dysregulation in metastatic vertical growth that coincides with reduced interferon signaling and antigen presentation. The ability of DVP to retain precise spatial proteomic information in the tissue context has implications for the molecular profiling of clinical samples.",478,PPR274443,10.1101/2021.01.25.427969,False,,
41044418,Spatial multiomics of acute myocardial infarction reveals immune cell infiltration through the endocardium,Nature cardiovascular research,2025,10.1038/s44161-025-00717-y,Disease Application,"Myocardial infarction (MI) continues to be a leading cause of death worldwide. Even though it is well established that the complex interplay between different cell types determines the overall healing response after MI, the precise changes in the tissue architecture are still poorly understood. In this study, we generated an integrative cellular map of the acute phase after murine MI using a combination of imaging-based transcriptomics (Molecular Cartography) and antibody-based highly multiplexed imaging (Sequential Immunofluorescence). This enabled us to evaluate cell type compositions and changes at subcellular resolution over time. We observed the recruitment of leukocytes to the infarcted heart through the endocardium and performed unbiased spatial proteomic analysis using Deep Visual Proteomics (DVP) to investigate the underlying mechanisms. DVP identified von Willebrand factor (vWF) as an upregulated mediator of inflammation 24 hours after MI, and functional blocking of vWF reduced the infiltration of C-C chemokine receptor 2 (Ccr2)-positive monocytes and worsened cardiac function after MI.",8,PPR855498,10.1101/2024.05.20.594955,False,,
41233595,Spatial proteomics of ovarian cancer precursors delineates early disease changes and drug targets,Molecular systems biology,2026,10.1038/s44320-025-00168-4,Disease Application,"High-grade serous ovarian cancer (HGSOC) is often detected at an advanced stage, where curative treatment options are limited. Recent advances in ultrasensitive mass spectrometry-based spatial proteomics have provided a unique opportunity to uncover molecular drivers of early tumorigenesis and novel therapeutic targets. Here, we present a comprehensive proteomic analysis of serous tubal intraepithelial carcinoma (STIC), the HGSOC precursor lesion, and concurrent invasive carcinoma, covering more than 10,000 proteins from ultra-low input archival tissue. STIC and HGSOC showed highly similar proteomes, clustering into two subtypes with distinct tumor-immune microenvironments and common remodeling of the extracellular matrix. We discovered cell-of-origin signatures from secretory fallopian tube epithelial cells in STICs and identified early dysregulated pathways of therapeutic relevance. Targeting cholesterol biosynthesis by inhibiting the terminal steps via DHCR7 showed therapeutic effects in ovarian cancer cell lines and synergized with standard-of-care carboplatin treatment. This study demonstrates the power of spatially resolved quantitative proteomics in understanding early carcinogenesis and provides a rich resource for biomarker and drug target research.",1,PPR992828,10.1101/2025.03.19.643504,False,,
PPR1281006,Deep Visual Proteomics links vascular smooth muscle cell phenotypes to atherosclerotic plaque stability,bioRxiv,2026,10.64898/2026.07.17.738909,Disease Application,"Vascular smooth muscle cells (VSMCs) drive atherosclerosis through phenotypic switching, yet their spatial organization and protein signatures within plaques remain poorly characterized. Here, we applied Deep Visual Proteomics (DVP) to dissect more than 500 VSMC neighborhoods across 24 human carotid plaques and profile VSMC plasticity in disease. To functionally interpret these tissue proteomes, we built a reference atlas of primary VSMCs driven toward five phenotypes by TGF-β, PDGF-BB, osteogenic stimuli, IL-1β, or cholesterol, quantifying over 10,000 proteins. We integrated tissue and reference proteomes with a deep-learning framework that assigns functional phenotypes to each neighborhood. This revealed spatially distinct phenotype distributions and a shift toward dedifferentiated states in unstable plaques. Knockdown of four candidates (TNC, TNFAIP2, AEBP1, PLK1) validated operational roles during phenotypic switching. Our approach functionally annotates spatial proteomes and links VSMC plasticity to plaque instability in carotid artery disease.",0,,,True,,
PPR1277341,Cell-type-resolved spatial proteogenomics from matched genome and proteome of the same cells,bioRxiv,2026,10.64898/2026.07.09.737478,Disease Application,"The genome and proteome of the same cells are rarely measured together, which is especially consequential in cancer, where somatic mutations vary across clones and drive disease. We show that a single standard proteomics extraction tip can retain peptides on-tip after digestion while genomic DNA passes into the normally discarded flowthrough. Combined with Deep Visual Proteomics, flowthrough co-isolation enables cell-type-resolved spatial proteogenomics from archival FFPE tissue, demonstrated in melanoma.",0,,,True,,
PPR1242524,A cell type-resolved proteomic atlas of the human body,bioRxiv,2026,10.64898/2026.05.26.727663,Disease Application,"Proteins define what cells do, yet their systematic quantification across human cell types has remained out of reach. Using Deep Visual Proteomics on tissue from a healthy female donor, we built an atlas of 27 cell types across 14 tissues, quantifying two-thirds of all human protein-coding genes, with up to 8,500 per population. The proteome partitions bimodally into a universal core and highly specialized programs. Integration into the Human Protein Atlas Single Cell Resource enabled comparison of RNA and protein abundance at cell type resolution, revealing that concordance depends on pathway rather than cellular identity. This resolution uncovered cancer-testis antigens in oocytes invisible to bulk profiling. Our openly accessible resource provides a foundation for cell type-resolved proteomics in health and disease.",0,,,True,,
PPR1010749,Multiplexed Deep Visual Proteomics Unveils Spatial Heterogeneity and Rare Endocrine States in Human Adult Pancreatic Islets,bioRxiv,2025,10.1101/2025.04.27.650857,Disease Application,"Pancreatic islets are highly specialized tissue compartments that regulate metabolism, and their dysfunction contributes to diseases such as prediabetes and diabetes. Characterizing islet morphology and cell plasticity is essential for understanding these pathophysiological states, yet high-resolution spatial proteomics remains challenging due to the islets’ small size and cellular complexity. Here, we present multiplexed deep visual proteomics (mxDVP), an approach that integrates high-plex imaging with ultra-sensitive mass spectrometry to achieve deep spatial proteome profiling of defined cell types in tissue sections. Enhanced segmentation, semi- automated annotation, and optimized laser microdissection enable the enrichment of rare endocrine populations that are often overlooked in single-cell analyses. mxDVP achieves deep proteome coverage of >6,000 proteins from as few as 100 cells, including low-abundance transcription factors critical for endocrine cell fate determination. By profiling over 864,000 human pancreatic cells, we identify 12 endocrine subtypes, including polyhormonal hybrids, revealing previously unrecognized islet heterogeneity, metabolic regulation, and cellular adaptability.",3,,,True,,
PPR1068194,Spatial proteomics reveals mechanisms of cell-intrinsic tryptophan metabolism controlling ovarian cancer survival,bioRxiv,2025,10.1101/2025.08.14.670277,Disease Application,"Indole-2,3-dioxygenase (IDO1) depletes tryptophan to dampen anti-tumor T cells, yet IDO1 inhibitors (IDO1i) have failed clinically. Using deep visual proteomics, we isolated IDO1 high, medium and low ovarian tumor cells in situ and found IDO1 tightly linked to interferon-γ (IFN-γ) signaling and heterogeneously expressed. Across orthogonal models with tunable IDO1, IFN-γ killed ovarian cancer via a pathway requiring IFN-γ signaling, IDO1-dependent tryptophan depletion, and a biphasic integrated stress response that initially protects from starvation and later drives death. IDO1i or tryptophan supplementation rescued these effects, promoting tumor survival. These data reveal a context-dependent, tumor-suppressive facet of IDO1 and explain how IDO1i can paradoxically favor cancer viability. Our findings call for re-evaluation of IDO1 as a target and suggest exploiting the tryptophan-starvation/GCN2-ISR axis to enhance therapy.",0,,,True,,
PPR1052391,OpenDVP: An experimental and computational framework for community-empowered deep visual proteomics,bioRxiv,2025,10.1101/2025.07.13.662099,Disease Application,"Deep visual proteomics (DVP) is an emerging approach for cell type-specific and spatially resolved proteomics. However, its broad adoption has been constrained by the lack of an open-source end-to-end workflow in a community-driven ecosystem. Here, we introduce openDVP, an experimental and computational framework for simplifying and democratizing DVP. OpenDVP integrates open-source software for image analysis, including MCMICRO, QuPath, and Napari, and uses the scverse data formats AnnData and SpatialData for multi-omics integration. It offers two workflows: a fast-track pipeline requiring no image analysis expertise and an artificial intelligence (AI)-powered pipeline with recent algorithms for image pre-processing, segmentation, and spatial analysis. We demonstrate openDVP’s versatility in three archival tissue studies, profiling human placenta, early-stage lung cancer, and locally relapsed breast cancer. In each study, our framework provided insights into health and disease states by integrating spatial single-cell phenotypes with exploratory proteomic data. Finally, we introduce deep proteomic profiling of cellular neighborhoods as a scalable approach to accelerate spatial discovery proteomics across biological systems.",3,,,True,,
PPR1029109,nanoPhos enables ultra-sensitive and cell-type resolved spatial phosphoproteomics,bioRxiv,2025,10.1101/2025.05.29.656770,Disease Application,"Mass spectrometry (MS)-based phosphoproteomics has transformed our understanding of cell signaling, yet current workflows face limitations in sensitivity and spatial resolution at sub-microgram inputs. Here, we present nanoPhos, a robust method that extends phosphoproteomics to nanogram scale, making it compatible with cell-type-resolved spatial analysis. It employs loss-less solid phase extraction capture (SPEC) for sample preparation, followed by automated phosphopeptide enrichment using Fe(III)-NTA cartridges. nanoPhos identifies over 57,000 unique phosphorylation sites from 1 µg cell lysate and over 4,000 from only 10 ng, a hundred-fold improvement from recent protocols. Combined with Deep Visual Proteomics (DVP), it enables region- and cell-type resolved phosphoproteomics of mouse brain tissue with spatial fidelity and a depth of 13,000 phosphosites from only 1000 cell shapes. This establishes nanoPhos as a versatile and ultra-sensitive platform that extends DVP to post-translational modifications and opens up for cell-type-specific signaling analysis in intact tissue.",5,,,True,,
PPR866889,Deep Visual Proteomics Unveils Precision Medicine Insights in Composite Small Lymphocytic and Classical Hodgkin Lymphoma,bioRxiv,2024,10.1101/2024.06.12.598635,Disease Application,"Coexistence of two cancer types in the same organ presents challenges for clinical decision-making, calling for personalized treatment strategies. Deep Visual Proteomics (DVP) combines AI driven single cell type analysis with laser microdissection and ultrasensitive mass spectrometry. In a composite case of classical Hodgkin lymphoma (cHL) and small lymphocytic lymphoma (SLL) in a single patient, we investigated the potential of DVP to inform precision oncology. We quantified the proteomic landscapes in the cHL and SLL to a depth of thousands of proteins. Our analysis revealed distinct proteome profiles in cHL and SLL populations, highlighting their clonal unrelatedness. Our data suggested standardized chemotherapy and interleukin-4 inhibition as potential strategies to manage chemo-resistance – instead of bone marrow transplantation. DVP highlighted minichromosome maintenance protein and proteasome inhibitors for cHL and H3K27 methylation and receptor tyrosine kinase inhibitors for SLL as subtype-specific treatments. Thus cell-type specific insights of DVP can guide personalized oncological treatments.",1,,,True,,
PPR1002479,A Morpho-Proteomic Atlas of Mitosis at Sub-Minute Resolution,bioRxiv,2025,10.1101/2025.04.09.647158,Disease Application,"<h4>Summary</h4>  Precise spatiotemporal protein organization is critical for fundamental biological processes including cell division  1,2 . Indeed, aberrant mitosis and mitotic factors are involved in diverse diseases, including various cancers  3,4 , Alzheimer’s disease  5 , and rare diseases  6 . During mitosis, complex spatial rearrangements and regulation ensure the accurate separation of replicated sister chromatids to produce genetically identical daughter cells  7–9 . Previous studies employed high-throughput methodologies to follow specific proteins during mitosis  10–15 . Still a temporally refined systems-level approach capable of monitoring morphological and proteomic changes throughout mitosis has been lacking. Here, we achieved unprecedented resolution by phenotypically decomposing mitosis into 40 subsections of a regression plane for proteomic analysis using deep learning and regression techniques. Our deep visual proteomics (DVP) workflow  16 , revealed rapid, dynamic proteomic changes throughout mitosis. We quantified 4,350 proteins with high confidence, demonstrating that 147 show significant dynamic abundance changes during mitotic progression. Clustering revealed coordinated patterns of protein regulation, while network analysis uncovered tight regulation of core cell cycle proteins and a link between cell cycle and cancer-linked mutations. Immunofluorescence validated abundance changes and linked previously uncharacterised proteins, like C19orf53, to mitosis. To facilitate data navigation, we developed Mito-Omix, a user-friendly online platform that integrates intricate morphological and molecular data. Our morphological and proteomic dataset spans mitosis at high resolution, providing a rich resource for understanding healthy and aberrant cell division.",1,,,True,,
PPR1051520,Maternal smoking in early pregnancy disrupts placental function through syncytiotrophoblast and macrophage dysregulation,bioRxiv,2025,10.1101/2025.07.10.664172,Disease Application,"<h4>Summary</h4>  Smoking in pregnancy is the leading avoidable cause of gestational morbidity and mortality, causally linked to fetal growth restriction (FGR). The placenta, functional interface between mother and fetus is essential for healthy fetal development. For the first time, we studied cell type-resolved smoking effects on placental development at high molecular resolution using single-nucleus RNA sequencing and deep visual proteomics of matched tissues. We validated our findings through an independent cohort and in-vitro cigarette smoke exposure to primary human trophoblast cells. Our results show placental macrophages (Hofbauer cells; HBC) and the syncytiotrophoblast (STB) barrier are most affected by smoking, with dysregulation of cell-cell adhesion, extracellular matrix organization, and stress phenotype. STBs show moderate compositional increases in smokers and in-silico trophoblast differentiation modelling indicates a preferential shift towards the STB lineage in this group. The trophoblast displays a large upregulation of pro-angiogenic effectors, increases in xenobiotic detoxification, reduced mitochondrial function, and vastly altered transmembrane transport. These molecular changes affect placental development with important consequences for fetal growth. We provide insight into placental dysfunction contributing to FGR early in pregnancy, before clinical symptoms appear. We anticipate this data to advance diagnostics and therapies to improve FGR outcomes.",0,,,True,,
PPR669390,"SPARCS, a platform for genome-scale CRISPR screening for spatial cellular phenotypes",bioRxiv,2023,10.1101/2023.06.01.542416,Disease Application,"Forward genetic screening associates phenotypes with genotypes by randomly inducing mutations and then identifying those that result in phenotypic changes of interest. Here we present  spa tially  r esolved  C RISPR  s creening (SPARCS), a platform for microscopy-based genetic screening for spatial cellular phenotypes. SPARCS uses automated high-speed laser microdissection to physically isolate phenotypic variants  in situ from virtually unlimited library sizes. We demonstrate the potential of SPARCS in a genome-wide CRISPR-KO screen on autophagosome formation in 40 million cells. Coupled to deep learning image analysis, SPARCS recovered almost all known macroautophagy genes in a single experiment and discovered a role for the ER-resident protein EI24 in autophagosome biogenesis. Harnessing the full power of advanced imaging technologies, SPARCS enables genome-wide forward genetic screening for diverse spatial phenotypes  in situ .",7,,,True,,
