PMID,Keyword,Source
42440036,image registration,Author Keyword
42440036,Open-source Software,Author Keyword
42440036,laser capture microdissection,Author Keyword
42440036,Spatial Biology,Author Keyword
42440036,Deep Visual Proteomics,Author Keyword
42381461,Humans,MeSH Term
42381461,Pancreatic Neoplasms,MeSH Term
42381461,Proteomics,MeSH Term
42427344,Mass spectrometry,Author Keyword
42427344,Laser Microdissection,Author Keyword
42427344,Ffpe Tissue,Author Keyword
42427344,Spatial Proteomics,Author Keyword
42427344,Single‐cell Proteomics,Author Keyword
42427344,Deep Visual Proteomics,Author Keyword
42638396,Mitochondria,Author Keyword
42638396,Diagnostics,Author Keyword
42638396,Rare Diseases,Author Keyword
42638396,Spatial Proteomics,Author Keyword
42638396,Single‐cell Proteomics,Author Keyword
42638396,Omics Ethics,Author Keyword
42638396,Humans,MeSH Term
42638396,Mitochondrial Diseases,MeSH Term
42638396,Rare Diseases,MeSH Term
42638396,Proteomics,MeSH Term
42638396,Genomics,MeSH Term
42638396,Mass Spectrometry,MeSH Term
42638396,Metabolomics,MeSH Term
42638396,Single-Cell Analysis,MeSH Term
42638396,Multiomics,MeSH Term
40934911,Colon,Author Keyword
40934911,Mass spectrometry,Author Keyword
40934911,Proteomics,Author Keyword
40934911,Organoids,Author Keyword
40934911,Ibd,Author Keyword
40934911,Spatial Proteomics,Author Keyword
40934911,Intestinal Mucosa,MeSH Term
40934911,Colon,MeSH Term
40934911,Organoids,MeSH Term
40934911,Epithelial Cells,MeSH Term
40934911,Animals,MeSH Term
40934911,Humans,MeSH Term
40934911,Inflammatory Bowel Diseases,MeSH Term
40934911,Proteome,MeSH Term
40934911,"Transplantation, Heterologous",MeSH Term
40934911,Proteomics,MeSH Term
40934911,Phenotype,MeSH Term
41629712,Laser Microdissection,Author Keyword
41629712,Immunofluorescence Staining,Author Keyword
41629712,Tissue Proteomics,Author Keyword
41629712,Deep Visual Proteomics,Author Keyword
41629712,Animals,MeSH Term
41629712,Humans,MeSH Term
41629712,Proteome,MeSH Term
41629712,Fluorescent Antibody Technique,MeSH Term
41629712,Tissue Fixation,MeSH Term
41629712,Proteomics,MeSH Term
41629712,Laser Capture Microdissection,MeSH Term
41629712,Liquid Chromatography-Mass Spectrometry,MeSH Term
42013410,Humans,MeSH Term
42013410,"Carcinoma, Pancreatic Ductal",MeSH Term
42013410,Pancreatic Neoplasms,MeSH Term
42013410,Proteomics,MeSH Term
42013410,Metabolic Reprogramming,MeSH Term
42013410,Intelligent Systems,MeSH Term
41629719,Artificial intelligence,Author Keyword
41629719,Formalin-fixed Paraffin-embedded,Author Keyword
41629719,laser capture microdissection,Author Keyword
41629719,Hematoxylin And Eosin,Author Keyword
41629719,Mass Spectrometry-based Proteomics,Author Keyword
41629719,Spatial Proteomics,Author Keyword
41629719,Deep Visual Proteomics,Author Keyword
41629719,Humans,MeSH Term
41629719,Staining and Labeling,MeSH Term
41629719,Paraffin Embedding,MeSH Term
41629719,Tissue Fixation,MeSH Term
41629719,Proteomics,MeSH Term
41629719,Artificial Intelligence,MeSH Term
41629719,Mass Spectrometry,MeSH Term
41629719,Workflow,MeSH Term
41629719,Laser Capture Microdissection,MeSH Term
41629719,Intelligent Systems,MeSH Term
40680990,Melanoma,Author Keyword
40680990,Proteomics,Author Keyword
40680990,AI,Author Keyword
40680990,Tumor Microenvironment,Author Keyword
40680990,Machine Learning,Author Keyword
40680990,laser capture microdissection,Author Keyword
40680990,Digital Pathology,Author Keyword
40680990,Cancer Biomarkers,Author Keyword
40680990,Patient Stratification,Author Keyword
40680990,Spatial Proteomics,Author Keyword
40680990,Deep Visual Proteomics,Author Keyword
40680990,Humans,MeSH Term
40680990,Neoplasms,MeSH Term
40680990,Melanoma,MeSH Term
40680990,Proteomics,MeSH Term
40680990,Artificial Intelligence,MeSH Term
40680990,Tumor Microenvironment,MeSH Term
40680990,"Biomarkers, Tumor",MeSH Term
40680990,Precision Medicine,MeSH Term
41965357,"Ganglia, Spinal",MeSH Term
41965357,Nociceptors,MeSH Term
41965357,Animals,MeSH Term
41965357,"Mice, Inbred C57BL",MeSH Term
41965357,Mice,MeSH Term
41965357,Pain,MeSH Term
41965357,Protein Kinase C,MeSH Term
41965357,Nerve Growth Factor,MeSH Term
41965357,Proteome,MeSH Term
41965357,Proteomics,MeSH Term
41965357,Male,MeSH Term
41965357,Sensory Receptor Cells,MeSH Term
41965357,Transcriptome,MeSH Term
39814024,Cancer,Author Keyword
39814024,Mass spectrometry,Author Keyword
39814024,Immunotherapy,Author Keyword
39814024,Tumor Microenvironment,Author Keyword
39814024,Multiplexed Imaging,Author Keyword
39814024,Tumor-infiltrating Lymphocytes,Author Keyword
39814024,Spatial Proteomics,Author Keyword
39814024,Deep Visual Proteomics,Author Keyword
39814024,Spatial Medicine,Author Keyword
39814024,"T-Lymphocytes, Cytotoxic",MeSH Term
39814024,"Lymphocytes, Tumor-Infiltrating",MeSH Term
39814024,Macrophages,MeSH Term
39814024,Humans,MeSH Term
39814024,Colorectal Neoplasms,MeSH Term
39814024,Immunotherapy,MeSH Term
39814024,Proteomics,MeSH Term
39814024,Single-Cell Analysis,MeSH Term
39814024,Tumor Microenvironment,MeSH Term
39814024,Laser Capture Microdissection,MeSH Term
41655216,AI,Author Keyword
41655216,Tumor Microenvironment,Author Keyword
41655216,Dark Proteome,Author Keyword
41655216,Spatial Proteogenomics,Author Keyword
41655216,Deep Visual Proteomics,Author Keyword
41655216,Humans,MeSH Term
41655216,Neoplasms,MeSH Term
41655216,Proteomics,MeSH Term
41655216,Metabolomics,MeSH Term
41655216,Tumor Microenvironment,MeSH Term
41655216,Proteogenomics,MeSH Term
41655216,Multiomics,MeSH Term
41655216,Spatial Transcriptomics,MeSH Term
40578359,Pathology,Author Keyword
40578359,Mass spectrometry,Author Keyword
40578359,Proteomics,Author Keyword
40578359,Ovarian cancer,Author Keyword
40578359,Metastasis,Author Keyword
40578359,Transcriptomics,Author Keyword
40578359,Borderline Tumor,Author Keyword
40578359,Low-grade Serous Cancer,Author Keyword
40578359,Deep Visual Proteomics,Author Keyword
40578359,"Cell Line, Tumor",MeSH Term
40578359,Animals,MeSH Term
40578359,Humans,MeSH Term
40578359,Mice,MeSH Term
40578359,"Cystadenocarcinoma, Serous",MeSH Term
40578359,Ovarian Neoplasms,MeSH Term
40578359,Neoplasm Invasiveness,MeSH Term
40578359,Disease Progression,MeSH Term
40578359,Gene Expression Profiling,MeSH Term
40578359,Proteomics,MeSH Term
40578359,"Gene Expression Regulation, Neoplastic",MeSH Term
40578359,Female,MeSH Term
40578359,Tumor Microenvironment,MeSH Term
40578359,Transcriptome,MeSH Term
40578359,"Carcinoma, Ovarian Epithelial",MeSH Term
40240610,Liver,MeSH Term
40240610,Hepatocytes,MeSH Term
40240610,Humans,MeSH Term
40240610,Liver Cirrhosis,MeSH Term
40240610,alpha 1-Antitrypsin Deficiency,MeSH Term
40240610,Disease Progression,MeSH Term
40240610,alpha 1-Antitrypsin,MeSH Term
40240610,Proteome,MeSH Term
40240610,Proteomics,MeSH Term
40240610,Phenotype,MeSH Term
40240610,Female,MeSH Term
40240610,Male,MeSH Term
40240610,Unfolded Protein Response,MeSH Term
40240610,Single-Cell Analysis,MeSH Term
40240610,Machine Learning,MeSH Term
40027887,Artificial intelligence,Author Keyword
40027887,Automated analysis,Author Keyword
40027887,glycomics,Author Keyword
40027887,glycoproteomics,Author Keyword
40027887,Lectin Microarray,Author Keyword
40027887,Imaging Mass Cytometry,Author Keyword
40027887,Spatial Omics,Author Keyword
41721135,Liver,MeSH Term
41721135,Hepatocytes,MeSH Term
41721135,Animals,MeSH Term
41721135,Humans,MeSH Term
41721135,Mice,MeSH Term
41721135,Proteome,MeSH Term
41721135,Proteomics,MeSH Term
41721135,Male,MeSH Term
41721135,Single-Cell Analysis,MeSH Term
40536875,Cancer,Author Keyword
40536875,Microscopy,Author Keyword
40536875,Biotechnology And Bioengineering,Author Keyword
40536875,Humans,MeSH Term
40536875,Tonsillar Neoplasms,MeSH Term
40536875,Paraffin Embedding,MeSH Term
40536875,Proteomics,MeSH Term
40536875,Mass Spectrometry,MeSH Term
40536875,Single-Cell Analysis,MeSH Term
40536875,Tumor Microenvironment,MeSH Term
40536875,Laser Capture Microdissection,MeSH Term
39252972,Artificial intelligence,Author Keyword
39252972,Cancer,Author Keyword
39252972,Proteomics,Author Keyword
39252972,Cancer System Biology,Author Keyword
37909047,Mass spectrometry,Author Keyword
37909047,Proteomics,Author Keyword
37909047,Histopathology,Author Keyword
37909047,Ffpe,Author Keyword
37909047,Single-cell Proteomics,Author Keyword
37909047,Spatial Proteomics,Author Keyword
37909047,Deep Visual Proteomics,Author Keyword
37909047,Animals,MeSH Term
37909047,Humans,MeSH Term
37909047,Mice,MeSH Term
37909047,Proteome,MeSH Term
37909047,Proteomics,MeSH Term
37909047,Mass Spectrometry,MeSH Term
37683827,Histology,Author Keyword
37683827,Proteomics,Author Keyword
37683827,glycerol,Author Keyword
37683827,Laser Microdissection,Author Keyword
37683827,Antigen Retrieval,Author Keyword
37683827,Spatial Proteomics,Author Keyword
37683827,Deep Visual Proteomics,Author Keyword
37683827,Membrane Slides,Author Keyword
37683827,Humans,MeSH Term
37683827,Glass,MeSH Term
37683827,Fluorescent Antibody Technique,MeSH Term
37683827,Reproducibility of Results,MeSH Term
37683827,Proteomics,MeSH Term
37683827,Workflow,MeSH Term
37683827,Single-Cell Analysis,MeSH Term
37683827,Laser Capture Microdissection,MeSH Term
41418981,Liver,Author Keyword
41418981,Squamous cell carcinoma,Author Keyword
41418981,Tonsil,Author Keyword
41418981,Tissue Profiling,Author Keyword
41418981,Ffpe,Author Keyword
41418981,automation,Author Keyword
41418981,Spatial Proteomics,Author Keyword
41418981,Diapasef,Author Keyword
41418981,Evosep One,Author Keyword
41418981,Whisper Zoom,Author Keyword
41418981,Timsultra,Author Keyword
41418981,Cellenone,Author Keyword
41418981,Liver,MeSH Term
41418981,Animals,MeSH Term
41418981,Humans,MeSH Term
41418981,Mice,MeSH Term
41418981,"Carcinoma, Squamous Cell",MeSH Term
41418981,Head and Neck Neoplasms,MeSH Term
41418981,Proteome,MeSH Term
41418981,Proteomics,MeSH Term
41418981,Palatine Tonsil,MeSH Term
41418981,Workflow,MeSH Term
38513891,LC-MS,Author Keyword
38513891,Ffpe,Author Keyword
38513891,Tissue Proteomics,Author Keyword
38513891,Ultrasensitive,Author Keyword
38513891,Spatial Proteomics,Author Keyword
38513891,Low-input,Author Keyword
38513891,Timstof,Author Keyword
38513891,Cellenone,Author Keyword
38513891,B-Lymphocytes,MeSH Term
38513891,T-Lymphocytes,MeSH Term
38513891,Humans,MeSH Term
38513891,Proteome,MeSH Term
38513891,Proteomics,MeSH Term
38513891,Automation,MeSH Term
38513891,Mass Spectrometry,MeSH Term
38513891,Palatine Tonsil,MeSH Term
38513891,Workflow,MeSH Term
38513891,Laser Capture Microdissection,MeSH Term
39415009,Keratinocytes,MeSH Term
39415009,Skin,MeSH Term
39415009,Animals,MeSH Term
39415009,"Mice, Inbred C57BL",MeSH Term
39415009,Humans,MeSH Term
39415009,Mice,MeSH Term
39415009,Stevens-Johnson Syndrome,MeSH Term
39415009,"Disease Models, Animal",MeSH Term
39415009,Sulfonamides,MeSH Term
39415009,Azetidines,MeSH Term
39415009,Piperidines,MeSH Term
39415009,Pyrazoles,MeSH Term
39415009,Pyrimidines,MeSH Term
39415009,Purines,MeSH Term
39415009,"Heterocyclic Compounds, 3-Ring",MeSH Term
39415009,Interferon Type I,MeSH Term
39415009,Biopsy,MeSH Term
39415009,"Administration, Oral",MeSH Term
39415009,Pilot Projects,MeSH Term
39415009,Proteomics,MeSH Term
39415009,Phosphorylation,MeSH Term
39415009,Female,MeSH Term
39415009,Male,MeSH Term
39415009,STAT1 Transcription Factor,MeSH Term
39415009,Janus Kinase 1,MeSH Term
39415009,Interferon-gamma,MeSH Term
39415009,Molecular Targeted Therapy,MeSH Term
39415009,Single-Cell Analysis,MeSH Term
39415009,Janus Kinase Inhibitors,MeSH Term
37783884,Animals,MeSH Term
37783884,Mice,MeSH Term
37783884,Proteome,MeSH Term
37783884,Proteomics,MeSH Term
37783884,Mass Spectrometry,MeSH Term
37783884,Laser Capture Microdissection,MeSH Term
37602975,Single cells,Author Keyword
37602975,DIA,Author Keyword
37602975,Multiplexing,Author Keyword
37602975,Dimethyl Labeling,Author Keyword
37602975,Spatial Proteomics,Author Keyword
37602975,Humans,MeSH Term
37602975,Melanoma,MeSH Term
37602975,Skin Neoplasms,MeSH Term
37602975,Proteome,MeSH Term
37602975,Proteomics,MeSH Term
37602975,Tumor Microenvironment,MeSH Term
37602975,Precision Medicine,MeSH Term
35590073,Humans,MeSH Term
35590073,Melanoma,MeSH Term
35590073,Proteome,MeSH Term
35590073,Proteomics,MeSH Term
35590073,Mass Spectrometry,MeSH Term
35590073,Laser Capture Microdissection,MeSH Term
41044418,Myocardium,MeSH Term
41044418,Endocardium,MeSH Term
41044418,Monocytes,MeSH Term
41044418,Animals,MeSH Term
41044418,"Mice, Inbred C57BL",MeSH Term
41044418,Mice,MeSH Term
41044418,Myocardial Infarction,MeSH Term
41044418,"Disease Models, Animal",MeSH Term
41044418,von Willebrand Factor,MeSH Term
41044418,Gene Expression Profiling,MeSH Term
41044418,Proteomics,MeSH Term
41044418,"Chemotaxis, Leukocyte",MeSH Term
41044418,Time Factors,MeSH Term
41044418,Male,MeSH Term
41044418,"Receptors, CCR2",MeSH Term
41044418,Transcriptome,MeSH Term
41044418,Multiomics,MeSH Term
41233595,High-grade Serous Ovarian Cancer,Author Keyword
41233595,Serous Tubal Intraepithelial Carcinoma,Author Keyword
41233595,Cancer Proteomics,Author Keyword
41233595,Spatial Tissue Proteomics,Author Keyword
41233595,"Cell Line, Tumor",MeSH Term
41233595,Humans,MeSH Term
41233595,"Cystadenocarcinoma, Serous",MeSH Term
41233595,Ovarian Neoplasms,MeSH Term
41233595,Carboplatin,MeSH Term
41233595,Cholesterol,MeSH Term
41233595,Proteome,MeSH Term
41233595,Proteomics,MeSH Term
41233595,Female,MeSH Term
41233595,Tumor Microenvironment,MeSH Term
41233595,"Biomarkers, Tumor",MeSH Term
