Id,Label,Type,Publications,Country,Institution,Year,Citations
Abe R,Abe R,Author,1,Japan,Niigata University Graduate School of Medical and Dental Sciences,,
Adeshara T,Adeshara T,Author,1,Germany,Max Planck Institute of Biochemistry,,
Ammar C,Ammar C,Author,2,Germany,Max Planck Institute of Biochemistry,,
Amrute JM,Amrute JM,Author,1,United States,Washington University School of Medicine,,
Anderton H,Anderton H,Author,1,Australia,Walter and Eliza Hall Institute of Medical Research,,
Anzengruber F,Anzengruber F,Author,1,Switzerland,University of Zurich,,
Axelsson U,Axelsson U,Author,1,Denmark,Eötvös Loránd Research Network,,
Bae SW,Bae SW,Author,1,Denmark,New York University Grossman School of Medicine,,
Bardziukova A,Bardziukova A,Author,1,Germany,Max Planck Institute of Biochemistry,,
Bartels AS,Bartels AS,Author,1,Denmark,University of Copenhagen,,
Beleon A,Beleon A,Author,1,Denmark,Eötvös Loránd Research Network,,
Ben-Moshe S,Ben-Moshe S,Author,2,Germany,Max Planck Institute of Biochemistry,,
Bernard V,Bernard V,Author,1,Denmark,The University of Texas MD Anderson Cancer Center,,
Bestak K,Bestak K,Author,1,Germany,University Hospital Heidelberg and Heidelberg University,,
Bhat M,Bhat M,Author,1,Canada,University Health Network,,
Bilecz AJ,Bilecz AJ,Author,1,United States,The University of Chicago,,
Björklund F,Björklund F,Author,1,Germany,Max Planck Institute of Biochemistry,,
Bleckwehl T,Bleckwehl T,Author,1,Germany,Max Planck Institute of Biochemistry,,
Bludau I,Bludau I,Author,1,Germany,Max Planck Institute of Biochemistry,,
Boor P,Boor P,Author,1,Germany,Aachen University,,
Boottanun P,Boottanun P,Author,1,Japan,National Institute of Advanced Industrial Science and Technology (AIST),,
Borgards L,Borgards L,Author,1,Germany,University Hospital Essen,,
Borgwardt K,Borgwardt K,Author,1,Germany,Max Planck Institute of Biochemistry,,
Boye TL,Boye TL,Author,1,Denmark,University of Copenhagen,,
Brand A,Brand A,Author,1,Denmark,University of Copenhagen,,
Branzan D,Branzan D,Author,1,Germany,Max Planck Institute of Biochemistry,,
Braun C,Braun C,Author,1,Germany,Max Planck Institute of Biochemistry,,
Brown LA,Brown LA,Author,1,United States,National Cancer Institute,,
Brunner AD,Brunner AD,Author,2,Germany,Max Planck Institute of Biochemistry,,
Bulkescher J,Bulkescher J,Author,1,Denmark,University of Copenhagen,,
Bzorek M,Bzorek M,Author,3,Denmark,Zealand University Hospital,,
Bérouti M,Bérouti M,Author,1,Germany,Gene Center and Department of Biochemistry,,
Caffrey TC,Caffrey TC,Author,1,Denmark,University of Nebraska Medical Center,,
Casals AM,Casals AM,Author,1,Germany,Max Planck Institute of Biochemistry,,
Chakrabarti S,Chakrabarti S,Author,1,Germany,Max-Delbrück-Center for Molecular Medicine in the Helmholtz Association (MDC),,
Chazotte M,Chazotte M,Author,1,Germany,University Hospital Heidelberg and Heidelberg University,,
Chen J,Chen J,Author,1,Germany,ISAS,,
Clement DL,Clement DL,Author,1,Denmark,University of Copenhagen,,
Coscia F,Coscia F,Author,11,Germany,Max-Delbrück-Center for Molecular Medicine in the Helmholtz Association (MDC),,
Csikos D,Csikos D,Author,1,Denmark,Eötvös Loránd Research Network,,
Debnath A,Debnath A,Author,1,Germany,Max Planck Institute of Biochemistry,,
Dechend R,Dechend R,Author,1,Germany,Max-Delbrück-Center for Molecular Medicine in the Helmholtz Association (MDC),,
Detlefsen S,Detlefsen S,Author,1,Denmark,University of Southern Denmark,,
Diedrich L,Diedrich L,Author,1,Germany,Max Planck Institute of Biochemistry,,
Donle L,Donle L,Author,1,United States,The University of Chicago,,
Dorka N,Dorka N,Author,1,Germany,Max Planck Institute of Biochemistry,,
Dragomir MP,Dragomir MP,Author,1,Germany,Institute of Pathology,,
Drici L,Drici L,Author,1,Denmark,University of Copenhagen,,
Dummer R,Dummer R,Author,1,Germany,Max Planck Institute of Biochemistry,,
Duteil C,Duteil C,Author,1,Germany,Max Planck Institute of Biochemistry,,
Dyring-Andersen B,Dyring-Andersen B,Author,1,Denmark,University of Copenhagen,,
Eckert MA,Eckert MA,Author,1,United States,University of Chicago,,
Engel DR,Engel DR,Author,1,Germany,University Hospital Essen,,
Fabián O,Fabián O,Author,1,Czech Republic,Institute for Clinical and Experimental Medicine,,
Fan R,Fan R,Author,1,Unknown,Yale University,,
Feldmeyer L,Feldmeyer L,Author,1,Switzerland,University of Bern,,
Fincham REA,Fincham REA,Author,1,Singapore,Singapore General Hospital (SGH),,
Florian S,Florian S,Author,1,Germany,Max-Delbrück-Center for Molecular Medicine in the Helmholtz Association (MDC),,
Forstner D,Forstner D,Author,1,Germany,Gottfried Schatz Research Center,,
Fraňková S,Fraňková S,Author,1,Czech Republic,Institute for Clinical and Experimental Medicine,,
French LE,French LE,Author,1,Germany,Ludwig Maximilian University (LMU) Munich,,
Frey N,Frey N,Author,1,Germany,University Hospital Heidelberg,,
Fritzsche S,Fritzsche S,Author,5,Germany,Max-Delbrück-Center for Molecular Medicine in the Helmholtz Association (MDC),,
Fromme M,Fromme M,Author,1,Germany,University Hospital RWTH,,
Fuseya S,Fuseya S,Author,1,Japan,National Institute of Advanced Industrial Science and Technology (AIST),,
Gasparello T,Gasparello T,Author,1,United Kingdom,University of Edinburgh,,
Gauster M,Gauster M,Author,1,Germany,Gottfried Schatz Research Center,,
Gil J,Gil J,Author,1,Sweden,Lund University,,
Gjerdrum LMR,Gjerdrum LMR,Author,1,Denmark,Aarhus University,,
Glukha N,Glukha N,Author,1,Germany,Max Planck Institute of Biochemistry,,
Gnann C,Gnann C,Author,1,Sweden,KTH - Royal Institute of Technology,,
Goh D,Goh D,Author,1,Singapore,Institute of Molecular and Cell Biology (IMCB),,
Gong T,Gong T,Author,1,China,The First Affiliated Hospital of Fujian Medical University,,
Gote-Schniering J,Gote-Schniering J,Author,1,Germany,Helmholtz Munich; Member of the German Center for Lung Research (DZL),,
Grandgenett PM,Grandgenett PM,Author,1,Denmark,University of Nebraska Medical Center,,
Grexa I,Grexa I,Author,1,Denmark,Eötvös Loránd Research Network,,
Gross A,Gross A,Author,1,Germany,Max Planck Institute of Biochemistry,,
Guedes J,Guedes J,Author,1,Sweden,Lund University,,
Habermann D,Habermann D,Author,1,Germany,University Hospital Essen,,
Haider S,Haider S,Author,1,Germany,Department of Obstetrics and Gynaecology,,
Hapek N,Hapek N,Author,1,Denmark,Eötvös Loránd Research Network,,
Hartlmayr D,Hartlmayr D,Author,1,France,Cellenion SASU,,
Hartmann N,Hartmann N,Author,1,Germany,University Hospital Heidelberg,,
Harz H,Harz H,Author,1,Germany,Ludwig-Maximilians-Universität München,,
Hasegawa A,Hasegawa A,Author,1,Japan,Niigata University Graduate School of Medical and Dental Sciences,,
Hausmann A,Hausmann A,Author,1,Switzerland,University of Copenhagen,,
Hayat S,Hayat S,Author,1,Germany,Max Planck Institute of Biochemistry,,
Heide J,Heide J,Author,1,United States,The University of Chicago,,
Heine C,Heine C,Author,1,Germany,University Hospital Heidelberg,,
Henneberg L,Henneberg L,Author,1,Germany,Max Planck Institute of Biochemistry,,
Hernandez JM,Hernandez JM,Author,1,United States,National Cancer Institute,,
Hernández SD,Hernández SD,Author,1,Denmark,Resolute Bio,,
Herse F,Herse F,Author,2,Germany,Institute of Pathology,,
Heymann T,Heymann T,Author,3,Germany,Max Planck Institute of Biochemistry,,
Hindson J,Hindson J,Author,1,Unknown,Unknown,,
Hollandi R,Hollandi R,Author,2,Denmark,Eötvös Loránd Research Network,,
Hollingsworth MA,Hollingsworth MA,Author,1,Denmark,University of Nebraska Medical Center,,
Hornburg D,Hornburg D,Author,1,United States,Billerica,,
Hornung V,Hornung V,Author,1,Germany,Gene Center and Department of Biochemistry,,
Horvath P,Horvath P,Author,4,Germany,HUN-REN,,
Horvatovich P,Horvatovich P,Author,1,Netherlands,University of Groningen,,
Huber A,Huber A,Author,1,Germany,Max Planck Institute of Biochemistry,,
Ibarra-Arellano MA,Ibarra-Arellano MA,Author,1,Germany,University Hospital Heidelberg and Heidelberg University,,
Ingen-Housz-Oro S,Ingen-Housz-Oro S,Author,1,France,Henri Mondor Hospital,,
Itang EC,Itang EC,Author,1,Germany,Max Planck Institute of Biochemistry,,
Iván ZZ,Iván ZZ,Author,1,Denmark,Eötvös Loránd Research Network,,
Jensen KB,Jensen KB,Author,1,Denmark,University of Copenhagen,,
Jez G,Jez G,Author,2,Denmark,University of Copenhagen,,
Ji C,Ji C,Author,1,China,The First Affiliated Hospital of Fujian Medical University,,
Jiang Y,Jiang Y,Author,1,China,Jiangnan University,,
Joerg L,Joerg L,Author,1,Switzerland,University of Bern,,
Johansson F,Johansson F,Author,1,Germany,Max Planck Institute of Biochemistry,,
Kabatnik S,Kabatnik S,Author,3,Denmark,University of Copenhagen,,
Kainacher L,Kainacher L,Author,1,Germany,Max Planck Institute of Biochemistry,,
Kaptás F,Kaptás F,Author,1,Denmark,Eötvös Loránd Research Network,,
Kelliher L,Kelliher L,Author,1,United States,The University of Chicago,,
Kenny HA,Kenny HA,Author,1,United States,The University of Chicago,,
Kim B,Kim B,Author,1,Denmark,New York University Grossman School of Medicine,,
Kimura H,Kimura H,Author,1,Japan,Niigata University Graduate School of Medical and Dental Sciences,,
Kjærgaard J,Kjærgaard J,Author,1,Germany,Max Planck Institute of Biochemistry,,
Klauschen F,Klauschen F,Author,2,Germany,Max Planck Institute of Biochemistry,,
Kleiner DE,Kleiner DE,Author,1,United States,National Cancer Institute,,
Klingeberg M,Klingeberg M,Author,2,Germany,Institute of Pathology,,
Klute KA,Klute KA,Author,1,Denmark,University of Nebraska Medical Center,,
Kokai D,Kokai D,Author,1,Denmark,Eötvös Loránd Research Network,,
Koos K,Koos K,Author,1,Denmark,Eötvös Loránd Research Network,,
Kovacs F,Kovacs F,Author,2,Germany,Max Planck Institute of Biochemistry,,
Kovács F,Kovács F,Author,1,Denmark,Eötvös Loránd Research Network,,
Krag A,Krag A,Author,1,Denmark,Centre for Liver Research,,
Kratz E,Kratz E,Author,2,Germany,Max Planck Institute of Biochemistry,,
Krishnan R,Krishnan R,Author,1,United States,The University of Chicago,,
Krisp C,Krisp C,Author,1,Germany,MDC-Bruker Center of Excellence for Single Cell Omics,,
Kriston A,Kriston A,Author,2,Denmark,Eötvös Loránd Research Network,,
Kuno A,Kuno A,Author,1,Japan,National Institute of Advanced Industrial Science and Technology (AIST),,
Kurnit KC,Kurnit KC,Author,1,United States,The University of Chicago,,
König J,König J,Author,1,Germany,Max-Delbrück-Center for Molecular Medicine in the Helmholtz Association (MDC),,
Larsen HL,Larsen HL,Author,1,Denmark,University of Copenhagen,,
Lastra RR,Lastra RR,Author,1,United States,The University of Chicago,,
Lavine KJ,Lavine KJ,Author,1,United States,Washington University School of Medicine,,
Lebedev M,Lebedev M,Author,1,Germany,Max Planck Institute of Biochemistry,,
Lengyel E,Lengyel E,Author,3,United States,The University of Chicago,,
Leonhardt H,Leonhardt H,Author,1,Germany,Ludwig-Maximilians-Universität München,,
Leuschner F,Leuschner F,Author,1,Germany,University Hospital Heidelberg,,
Levesque MP,Levesque MP,Author,3,Switzerland,University of Zurich,,
Lewin GR,Lewin GR,Author,1,Germany,Max-Delbrück-Center for Molecular Medicine in the Helmholtz Association (MDC),,
Li Y,Li Y,Author,1,United States,The University of Chicago,,
Lindberg EL,Lindberg EL,Author,1,Germany,Max Planck Institute of Biochemistry,,
Lindskog C,Lindskog C,Author,1,Germany,Max Planck Institute of Biochemistry,,
Liu L,Liu L,Author,1,China,Jiangnan University,,
Lukas C,Lukas C,Author,1,Denmark,University of Copenhagen,,
Lundberg E,Lundberg E,Author,4,Sweden,KTH - Royal Institute of Technology,,
Luo W,Luo W,Author,1,Germany,Max-Delbrück-Center for Molecular Medicine in the Helmholtz Association (MDC),,
Lõhmussaar K,Lõhmussaar K,Author,1,Denmark,University of Copenhagen,,
MacDonald PE,MacDonald PE,Author,1,Germany,Max Planck Institute of Biochemistry,,
Madden K,Madden K,Author,1,Germany,Max Planck Institute of Biochemistry,,
Madden KG,Madden KG,Author,1,Germany,Max Planck Institute of Biochemistry,,
Madsen GI,Madsen GI,Author,1,Denmark,Odense University Hospital,,
Maegdefessel L,Maegdefessel L,Author,1,Germany,Max Planck Institute of Biochemistry,,
Mahdessian D,Mahdessian D,Author,1,Denmark,Eötvös Loránd Research Network,,
Maimets M,Maimets M,Author,1,Denmark,University of Copenhagen,,
Maitra A,Maitra A,Author,1,Denmark,New York University Grossman School of Medicine,,
Makhmut A,Makhmut A,Author,4,Germany,Max-Delbrück-Center for Molecular Medicine in the Helmholtz Association (MDC),,
Malm J,Malm J,Author,1,Sweden,Lund University,,
Manczinger M,Manczinger M,Author,1,Denmark,Eötvös Loránd Research Network,,
Manickavel P,Manickavel P,Author,1,Canada,Western University,,
Mann M,Mann M,Author,22,Germany,Max Planck Institute of Biochemistry,,
Mann SP,Mann SP,Author,1,Denmark,University of Copenhagen,,
Manning Fox JE,Manning Fox JE,Author,1,Germany,Max Planck Institute of Biochemistry,,
Mardamshina M,Mardamshina M,Author,1,Germany,Max Planck Institute of Biochemistry,,
Marko-Varga G,Marko-Varga G,Author,1,Japan,Tokyo Medical University,,
Mendoza R,Mendoza R,Author,1,United States,The University of Chicago,,
Metousis A,Metousis A,Author,10,Germany,Max Planck Institute of Biochemistry,,
Miczán V,Miczán V,Author,1,Denmark,Eötvös Loránd Research Network,,
Migh E,Migh E,Author,2,Denmark,Eötvös Loránd Research Network,,
Min J,Min J,Author,1,Denmark,New York University Grossman School of Medicine,,
Miranda L,Miranda L,Author,1,Germany,Max Planck Institute of Biochemistry,,
Moebs M,Moebs M,Author,1,Germany,Institute of Pathology,,
Mohammadi A,Mohammadi A,Author,1,Germany,Max-Delbrück-Center for Molecular Medicine in the Helmholtz Association (MDC),,
Moreira J,Moreira J,Author,1,Denmark,University of Copenhagen,,
Moshkov N,Moshkov N,Author,1,Denmark,Eötvös Loránd Research Network,,
Mund A,Mund A,Author,12,Denmark,University of Copenhagen,,
Murray PJ,Murray PJ,Author,2,Germany,Max Planck Institute of Biochemistry,,
Mädler SC,Mädler SC,Author,3,Germany,Max Planck Institute of Biochemistry,,
Müller DN,Müller DN,Author,1,Germany,Max-Delbrück-Center for Molecular Medicine in the Helmholtz Association (MDC),,
Müller-Reif JB,Müller-Reif JB,Author,1,Germany,Max Planck Institute of Biochemistry,,
Naimy S,Naimy S,Author,1,Denmark,Zealand University Hospital,,
Navarro FB,Navarro FB,Author,1,Germany,Max Planck Institute of Biochemistry,,
Nguyen HH,Nguyen HH,Author,1,Japan,Niigata University Graduate School of Medical and Dental Sciences,,
Nielsen OH,Nielsen OH,Author,1,Denmark,University of Copenhagen,,
Nimo J,Nimo J,Author,4,Germany,Max-Delbrück-Center for Molecular Medicine in the Helmholtz Association (MDC),,
Ning X,Ning X,Author,1,China,Jiangnan University,,
Nonn O,Nonn O,Author,1,Germany,Experimental and Clinical Research Center,,
Nordbeck M,Nordbeck M,Author,1,Germany,University Hospital Heidelberg and Heidelberg University,,
Nordmann TM,Nordmann TM,Author,7,Germany,Max Planck Institute of Biochemistry,,
Novak A,Novak A,Author,1,Germany,University Hospital Essen,,
Németh IB,Németh IB,Author,1,Sweden,University of Szeged,,
Obermayr E,Obermayr E,Author,1,Germany,Max Planck Institute of Biochemistry,,
Oeller M,Oeller M,Author,3,Germany,Max Planck Institute of Biochemistry,,
Oldenburg L,Oldenburg L,Author,1,Denmark,Resolute Bio,,
Oliinyk D,Oliinyk D,Author,2,Germany,Max Planck Institute of Biochemistry,,
Padula MP,Padula MP,Author,1,Australia,University of Technology Sydney,,
Pal C,Pal C,Author,1,Denmark,Eötvös Loránd Research Network,,
Paloschi V,Paloschi V,Author,1,Germany,Max Planck Institute of Biochemistry,,
Pappas G,Pappas G,Author,1,Denmark,University of Copenhagen,,
Pauli J,Pauli J,Author,1,Germany,Max Planck Institute of Biochemistry,,
Pawłowski K,Pawłowski K,Author,1,United States,University of Texas Southwestern Medical Center,,
Pearson M,Pearson M,Author,1,United Kingdom,University of Edinburgh,,
Pedersen LM,Pedersen LM,Author,1,Denmark,Aarhus University,,
Pellizzoni P,Pellizzoni P,Author,1,Germany,Max Planck Institute of Biochemistry,,
Pentimalli T,Pentimalli T,Author,1,Germany,Max-Delbrück-Center for Molecular Medicine in the Helmholtz Association (MDC),,
Periasamy P,Periasamy P,Author,1,Singapore,Institute of Molecular and Cell Biology (IMCB),,
Pignitter M,Pignitter M,Author,1,Germany,Department of Physiological Chemistry,,
Porat-Shliom N,Porat-Shliom N,Author,1,United States,National Cancer Institute,,
Post F,Post F,Author,3,Denmark,University of Copenhagen,,
Qian Z,Qian Z,Author,1,China,Nanjing Medical University,,
Qin D,Qin D,Author,2,Germany,Max-Delbrück-Center for Molecular Medicine in the Helmholtz Association (MDC),,
Rahbek-Gjerdrum LM,Rahbek-Gjerdrum LM,Author,2,Denmark,Zealand University Hospital,,
Rajewsky N,Rajewsky N,Author,1,Germany,Max-Delbrück-Center for Molecular Medicine in the Helmholtz Association (MDC),,
Rauch S,Rauch S,Author,1,United States,The University of Chicago,,
Remmert K,Remmert K,Author,1,United States,National Cancer Institute,,
Ressler M,Ressler M,Author,1,Germany,Institute of Biomedical Science,,
Restivo G,Restivo G,Author,1,Switzerland,University of Zurich,,
Richter S,Richter S,Author,2,Germany,Technical University of Munich,,
Rodriguez E,Rodriguez E,Author,3,Germany,Max Planck Institute of Biochemistry,,
Rodriguez EH,Rodriguez EH,Author,2,Germany,Department of Proteomics and Signal Transduction; Max Planck Institute of Biochemistry,,
Rosenberger F,Rosenberger F,Author,1,Germany,Max Planck Institute of Biochemistry,,
Rosenberger FA,Rosenberger FA,Author,11,Sweden,Karolinska Institutet,,
Rossini S,Rossini S,Author,1,Germany,Max Planck Institute of Biochemistry,,
Sachs N,Sachs N,Author,1,Germany,Max Planck Institute of Biochemistry,,
Saez-Rodriguez J,Saez-Rodriguez J,Author,1,Germany,University Hospital Heidelberg and Heidelberg University,,
Saito Y,Saito Y,Author,1,Japan,Niigata University Graduate School of Medical and Dental Sciences,,
Santos A,Santos A,Author,1,Denmark,University of Copenhagen,,
Sato T,Sato T,Author,1,Japan,Keio University School of Medicine,,
Satoh TK,Satoh TK,Author,1,Germany,Ludwig Maximilian University (LMU) Munich,,
Schallenberg S,Schallenberg S,Author,3,Germany,Institute of Pathology,,
Schanda S,Schanda S,Author,1,Germany,Max Planck Institute of Biochemistry,,
Schapiro D,Schapiro D,Author,1,Germany,University Hospital Heidelberg and Heidelberg University,,
Schiller HB,Schiller HB,Author,1,Germany,Helmholtz Munich; Member of the German Center for Lung Research (DZL),,
Schmacke NA,Schmacke NA,Author,2,Germany,Max Planck Institute of Biochemistry,,
Schmitt WD,Schmitt WD,Author,1,Germany,Institute of Pathology,,
Schoffer K,Schoffer K,Author,1,Australia,Walter and Eliza Hall Institute of Medical Research,,
Schunkert H,Schunkert H,Author,1,Germany,Max Planck Institute of Biochemistry,,
Schweizer L,Schweizer L,Author,8,Denmark,Resolute Bio,,
Selvanesan BC,Selvanesan BC,Author,1,Denmark,The University of Texas MD Anderson Cancer Center,,
Semenova A,Semenova A,Author,1,Germany,Helmholtz Munich; Member of the German Center for Lung Research (DZL),,
Seth A,Seth A,Author,1,France,Cellenion SASU,,
Shen C,Shen C,Author,1,Australia,Walter and Eliza Hall Institute of Medical Research,,
Shevchuk O,Shevchuk O,Author,1,Germany,University Hospital Essen,,
Shimizu A,Shimizu A,Author,1,United States,The University of Chicago,,
Shulman Z,Shulman Z,Author,1,Germany,Max Planck Institute of Biochemistry,,
Sicklinger F,Sicklinger F,Author,1,Germany,University Hospital Heidelberg,,
Siemes D,Siemes D,Author,1,Germany,University Hospital Essen,,
Silke J,Silke J,Author,1,Australia,Walter and Eliza Hall Institute of Medical Research,,
Silke N,Silke N,Author,1,Australia,Walter and Eliza Hall Institute of Medical Research,,
Sinha A,Sinha A,Author,2,Germany,Department of Proteomics and Signal Transduction; Max Planck Institute of Biochemistry,,
Sjöstedt E,Sjöstedt E,Author,1,Germany,Max Planck Institute of Biochemistry,,
Skarwan E,Skarwan E,Author,1,Germany,Max Planck Institute of Biochemistry,,
Skov J,Skov J,Author,1,Denmark,University of Copenhagen,,
Skowronek P,Skowronek P,Author,2,Germany,Max Planck Institute of Biochemistry,,
Stadler PC,Stadler PC,Author,2,Germany,University Hospital,,
Stadler R,Stadler R,Author,1,Germany,Max Planck Institute of Biochemistry,,
Steenholdt C,Steenholdt C,Author,1,Denmark,University of Southern Denmark,,
Steger M,Steger M,Author,1,Germany,Max Planck Institute of Biochemistry,,
Steigenberger B,Steigenberger B,Author,1,Germany,Max Planck Institute of Biochemistry,,
Steigerwald S,Steigerwald S,Author,4,Germany,Max Planck Institute of Biochemistry,,
Strauss MT,Strauss MT,Author,5,Denmark,Resolute Bio,,
Strnad P,Strnad P,Author,1,Germany,University Hospital RWTH,,
Swanson BJ,Swanson BJ,Author,1,Denmark,University of Nebraska Medical Center,,
Szadai L,Szadai L,Author,1,Sweden,University of Szeged,,
Szasz AM,Szasz AM,Author,1,Sweden,Semmelweis University,,
Tanevski J,Tanevski J,Author,1,Germany,University Hospital Heidelberg and Heidelberg University,,
Tanzer MC,Tanzer MC,Author,2,Australia,Walter and Eliza Hall Institute of Medical Research,,
Taube ET,Taube ET,Author,1,Germany,Institute of Pathology,,
Tautges S,Tautges S,Author,1,Germany,University Hospital Essen,,
Theis FJ,Theis FJ,Author,2,Germany,Technical University of Munich,,
Thiebes S,Thiebes S,Author,1,Germany,University Hospital Essen,,
Thielert M,Thielert M,Author,7,Germany,Max Planck Institute of Biochemistry,,
Thiemann T,Thiemann T,Author,1,Germany,University Hospital Heidelberg,,
Thomsen JH,Thomsen JH,Author,1,Denmark,Resolute Bio,,
Thorhauge KH,Thorhauge KH,Author,1,Denmark,Centre for Liver Research,,
Trinh M,Trinh M,Author,1,Germany,Max-Delbrück-Center for Molecular Medicine in the Helmholtz Association (MDC),,
Ugur E,Ugur E,Author,1,Germany,Max Planck Institute of Biochemistry,,
Uhlén M,Uhlén M,Author,1,Germany,Max Planck Institute of Biochemistry,,
Ulrich J,Ulrich J,Author,1,Germany,Max-Delbrück-Center for Molecular Medicine in the Helmholtz Association (MDC),,
Ummat I,Ummat I,Author,1,Denmark,Resolute Bio,,
Valdes DS,Valdes DS,Author,2,Germany,Max-Delbrück-Center for Molecular Medicine in the Helmholtz Association (MDC),,
Vasconez S,Vasconez S,Author,1,Germany,Max Planck Institute of Biochemistry,,
Voss H,Voss H,Author,1,Germany,University Hospital Essen,,
Wahle M,Wahle M,Author,5,Germany,Max Planck Institute of Biochemistry,,
Wallmann G,Wallmann G,Author,1,Germany,Gene Center and Department of Biochemistry,,
Wang H,Wang H,Author,1,Denmark,The University of Texas MD Anderson Cancer Center,,
Wang L,Wang L,Author,1,Germany,Max-Delbrück-Center for Molecular Medicine in the Helmholtz Association (MDC),,
Wang Y,Wang Y,Author,1,China,Nanjing Medical University,,
Weiss CAM,Weiss CAM,Author,3,Germany,Max Planck Institute of Biochemistry,,
Wetzel S,Wetzel S,Author,1,Sweden,Karolinska Institutet,,
Widera L,Widera L,Author,1,Germany,University Hospital Essen,,
Wieslander E,Wieslander E,Author,1,Sweden,Lund University,,
Williams C,Williams C,Author,1,Australia,Walter and Eliza Hall Institute of Medical Research,,
Woldmar N,Woldmar N,Author,1,Sweden,Lund University,,
Wu D,Wu D,Author,1,China,Jiangnan University,,
Wu Y,Wu Y,Author,1,Singapore,Institute of Molecular and Cell Biology (IMCB),,
Wünnemann F,Wünnemann F,Author,1,Germany,University Hospital Heidelberg and Heidelberg University,,
Xu TT,Xu TT,Author,1,Germany,Max Planck Institute of Biochemistry,,
Yamada SD,Yamada SD,Author,1,United States,The University of Chicago,,
Yang M,Yang M,Author,1,Unknown,Yale University,,
Yeong J,Yeong J,Author,1,Singapore,Institute of Molecular and Cell Biology (IMCB),,
You H,You H,Author,1,China,Jiangnan University,,
Zeng WF,Zeng WF,Author,1,Germany,Max Planck Institute of Biochemistry,,
Zhang F,Zhang F,Author,1,China,Nanjing Medical University,,
Zhang P,Zhang P,Author,1,China,The First Affiliated Hospital of Fujian Medical University,,
Zhang X,Zhang X,Author,1,Germany,Max Planck Institute of Biochemistry,,
Zhang Y,Zhang Y,Author,1,China,Nanjing Medical University,,
Zheng X,Zheng X,Author,5,Denmark,Aarhus University,,
Zhou XX,Zhou XX,Author,1,Germany,Max Planck Institute of Biochemistry,,
Zonderland G,Zonderland G,Author,1,Denmark,Resolute Bio,,
Zwahlen M,Zwahlen M,Author,1,Germany,Max Planck Institute of Biochemistry,,
Zwiebel M,Zwiebel M,Author,4,Germany,Max Planck Institute of Biochemistry,,
von Feilitzen K,von Feilitzen K,Author,1,Germany,Max Planck Institute of Biochemistry,,
von Kriegsheim A,von Kriegsheim A,Author,1,United Kingdom,University of Edinburgh,,
von Scheidt M,von Scheidt M,Author,1,Germany,Max Planck Institute of Biochemistry,,
42440036,"Bioimage analysis in deep visual proteomics: Advancing transparency, reproducibility, and FAIR principles",Paper,,,,2026,0
42381461,Spatially Resolved Proteomic Cartography Illuminates the Earliest Molecular Programs in Pancreatic Cancer Evolution,Paper,,,,2026,0
42427344,A guide to laser microdissection-based proteomics,Paper,,,,2026,0
42638396,From Single Cells to Diagnosis: Proteomics Technologies in the Multi-Omics Landscape of Rare and Mitochondrial Diseases,Paper,,,,2026,0
40934911,Deep visual proteomics reveals an in vivo-like phenotype of orthotopically transplanted human colon organoids,Paper,,,,2025,7
40360936,Deep Visual Proteomics elucidates α1-antitrypsin deficiency,Paper,,,,2025,0
40675342,Novel Insights Into the Progression of α1-Antitrypsin Deficiency-Associated Liver Disease Using Artificial Intelligence-Driven Deep Visual Proteomics,Paper,,,,2025,0
41629712,Immunofluorescence Imaging-Guided Laser Microdissection for Ultralow Input Spatial Tissue Proteomics,Paper,,,,2026,1
42013410,AI-Powered Deep Visual Proteomics Reveals Critical Molecular Transitions in Pancreatic Cancer Precursors,Paper,,,,2026,0
41629719,Artificial Intelligence-Driven Laser Capture Microdissection,Paper,,,,2026,0
40680990,"A perspective on integrating digital pathology, proteomics, clinical data and AI analytics in cancer research",Paper,,,,2025,3
41965357,Deep visual proteomics uncovers nociceptor diversity and pain targets,Paper,,,,2026,2
39814024,Deciphering functional tumor-immune crosstalk through highly multiplexed imaging and deep visual proteomics,Paper,,,,2025,30
41655216,Integrating Spatial Proteogenomics in Cancer Research,Paper,,,,2026,0
40578359,Spatial proteo-transcriptomic profiling reveals the molecular landscape of borderline ovarian tumors and their invasive progression,Paper,,,,2025,18
39910169,Deep visual proteomics reveals DNA replication stress as a hallmark of signet ring cell carcinoma,Paper,,,,2025,7
40240610,Deep Visual Proteomics maps proteotoxicity in a genetic liver disease,Paper,,,,2025,40
40027887,Toward spatial glycomics and glycoproteomics: Innovations and applications,Paper,,,,2025,15
41721135,Single-cell spatial proteomics maps human liver zonation patterns and their vulnerability to disruption in tissue architecture,Paper,,,,2026,10
40536875,Protocol for spatial proteomic profiling of tonsil cancer microenvironments using multiplexed imaging-powered deep visual proteomics,Paper,,,,2025,0
39252972,Spatial characterization and stratification of colorectal adenomas by deep visual proteomics,Paper,,,,2024,14
37909047,A framework for ultra-low-input spatial tissue proteomics,Paper,,,,2023,57
40229558,Spatial proteomics in translational and clinical research,Paper,,,,2025,19
37683827,A Standardized and Reproducible Workflow for Membrane Glass Slides in Routine Histology and Spatial Proteomics,Paper,,,,2023,12
41418981,An Ultrasensitive Spatial Tissue Proteomics Workflow Exceeding 100 Proteomes Per Day,Paper,,,,2026,3
38513891,An Automated and Fast Sample Preparation Workflow for Laser Microdissection Guided Ultrasensitive Proteomics,Paper,,,,2024,21
39415009,Spatial proteomics identifies JAKi as treatment for a lethal skin disease,Paper,,,,2024,101
37783884,Spatial single-cell mass spectrometry defines zonation of the hepatocyte proteome,Paper,,,,2023,170
37602975,Robust dimethyl-based multiplex-DIA doubles single-cell proteome depth via a reference channel,Paper,,,,2023,97
35590073,Deep Visual Proteomics defines single-cell identity and heterogeneity,Paper,,,,2022,500
41044418,Spatial multiomics of acute myocardial infarction reveals immune cell infiltration through the endocardium,Paper,,,,2025,13
41233595,Spatial proteomics of ovarian cancer precursors delineates early disease changes and drug targets,Paper,,,,2026,3
PPR1281006,Deep Visual Proteomics links vascular smooth muscle cell phenotypes to atherosclerotic plaque stability,Paper,,,,2026,0
PPR1277341,Cell-type-resolved spatial proteogenomics from matched genome and proteome of the same cells,Paper,,,,2026,0
PPR1242524,A cell type-resolved proteomic atlas of the human body,Paper,,,,2026,0
PPR1010749,Multiplexed Deep Visual Proteomics Unveils Spatial Heterogeneity and Rare Endocrine States in Human Adult Pancreatic Islets,Paper,,,,2025,3
PPR1068194,Spatial proteomics reveals mechanisms of cell-intrinsic tryptophan metabolism controlling ovarian cancer survival,Paper,,,,2025,0
PPR1052391,OpenDVP: An experimental and computational framework for community-empowered deep visual proteomics,Paper,,,,2025,3
PPR1029109,nanoPhos enables ultra-sensitive and cell-type resolved spatial phosphoproteomics,Paper,,,,2025,7
PPR866889,Deep Visual Proteomics Unveils Precision Medicine Insights in Composite Small Lymphocytic and Classical Hodgkin Lymphoma,Paper,,,,2024,1
PPR1002479,A Morpho-Proteomic Atlas of Mitosis at Sub-Minute Resolution,Paper,,,,2025,1
PPR1051520,Maternal smoking in early pregnancy disrupts placental function through syncytiotrophoblast and macrophage dysregulation,Paper,,,,2025,1
PPR669390,"SPARCS, a platform for genome-scale CRISPR screening for spatial cellular phenotypes",Paper,,,,2023,8
