Source,Target,Weight
Coscia F,Mund A,1
Kriston A,Mund A,2
Hollandi R,Mund A,2
Kovács F,Mund A,1
Brunner AD,Mund A,1
Migh E,Mund A,2
Mund A,Schweizer L,6
Mund A,Santos A,1
Bzorek M,Mund A,3
Mund A,Naimy S,1
Mund A,Rahbek-Gjerdrum LM,2
Dyring-Andersen B,Mund A,1
Bulkescher J,Mund A,1
Lukas C,Mund A,1
Eckert MA,Mund A,1
Lengyel E,Mund A,2
Gnann C,Mund A,1
Lundberg E,Mund A,2
Horvath P,Mund A,2
Mann M,Mund A,11
Coscia F,Kriston A,1
Coscia F,Hollandi R,1
Coscia F,Kovács F,1
Brunner AD,Coscia F,1
Coscia F,Migh E,1
Coscia F,Schweizer L,1
Coscia F,Santos A,1
Bzorek M,Coscia F,1
Coscia F,Naimy S,1
Coscia F,Rahbek-Gjerdrum LM,1
Coscia F,Dyring-Andersen B,1
Bulkescher J,Coscia F,1
Coscia F,Lukas C,1
Coscia F,Eckert MA,1
Coscia F,Lengyel E,1
Coscia F,Gnann C,1
Coscia F,Lundberg E,1
Coscia F,Horvath P,2
Coscia F,Mann M,1
Hollandi R,Kriston A,2
Kovács F,Kriston A,1
Brunner AD,Kriston A,1
Kriston A,Migh E,2
Kriston A,Schweizer L,1
Kriston A,Santos A,1
Bzorek M,Kriston A,1
Kriston A,Naimy S,1
Kriston A,Rahbek-Gjerdrum LM,1
Dyring-Andersen B,Kriston A,1
Bulkescher J,Kriston A,1
Kriston A,Lukas C,1
Eckert MA,Kriston A,1
Kriston A,Lengyel E,1
Gnann C,Kriston A,1
Kriston A,Lundberg E,2
Horvath P,Kriston A,2
Kriston A,Mann M,2
Hollandi R,Kovács F,1
Brunner AD,Hollandi R,1
Hollandi R,Migh E,2
Hollandi R,Schweizer L,1
Hollandi R,Santos A,1
Bzorek M,Hollandi R,1
Hollandi R,Naimy S,1
Hollandi R,Rahbek-Gjerdrum LM,1
Dyring-Andersen B,Hollandi R,1
Bulkescher J,Hollandi R,1
Hollandi R,Lukas C,1
Eckert MA,Hollandi R,1
Hollandi R,Lengyel E,1
Gnann C,Hollandi R,1
Hollandi R,Lundberg E,2
Hollandi R,Horvath P,2
Hollandi R,Mann M,2
Brunner AD,Kovács F,1
Kovács F,Migh E,1
Kovács F,Schweizer L,1
Kovács F,Santos A,1
Bzorek M,Kovács F,1
Kovács F,Naimy S,1
Kovács F,Rahbek-Gjerdrum LM,1
Dyring-Andersen B,Kovács F,1
Bulkescher J,Kovács F,1
Kovács F,Lukas C,1
Eckert MA,Kovács F,1
Kovács F,Lengyel E,1
Gnann C,Kovács F,1
Kovács F,Lundberg E,1
Horvath P,Kovács F,1
Kovács F,Mann M,1
Brunner AD,Migh E,1
Brunner AD,Schweizer L,2
Brunner AD,Santos A,1
Brunner AD,Bzorek M,1
Brunner AD,Naimy S,1
Brunner AD,Rahbek-Gjerdrum LM,1
Brunner AD,Dyring-Andersen B,1
Brunner AD,Bulkescher J,1
Brunner AD,Lukas C,1
Brunner AD,Eckert MA,1
Brunner AD,Lengyel E,1
Brunner AD,Gnann C,1
Brunner AD,Lundberg E,1
Brunner AD,Horvath P,1
Brunner AD,Mann M,2
Migh E,Schweizer L,1
Migh E,Santos A,1
Bzorek M,Migh E,1
Migh E,Naimy S,1
Migh E,Rahbek-Gjerdrum LM,1
Dyring-Andersen B,Migh E,1
Bulkescher J,Migh E,1
Lukas C,Migh E,1
Eckert MA,Migh E,1
Lengyel E,Migh E,1
Gnann C,Migh E,1
Lundberg E,Migh E,2
Horvath P,Migh E,2
Mann M,Migh E,2
Santos A,Schweizer L,1
Bzorek M,Schweizer L,2
Naimy S,Schweizer L,1
Rahbek-Gjerdrum LM,Schweizer L,2
Dyring-Andersen B,Schweizer L,1
Bulkescher J,Schweizer L,1
Lukas C,Schweizer L,1
Eckert MA,Schweizer L,1
Lengyel E,Schweizer L,3
Gnann C,Schweizer L,1
Lundberg E,Schweizer L,1
Horvath P,Schweizer L,1
Mann M,Schweizer L,7
Bzorek M,Santos A,1
Naimy S,Santos A,1
Rahbek-Gjerdrum LM,Santos A,1
Dyring-Andersen B,Santos A,1
Bulkescher J,Santos A,1
Lukas C,Santos A,1
Eckert MA,Santos A,1
Lengyel E,Santos A,1
Gnann C,Santos A,1
Lundberg E,Santos A,1
Horvath P,Santos A,1
Mann M,Santos A,1
Bzorek M,Naimy S,1
Bzorek M,Rahbek-Gjerdrum LM,2
Bzorek M,Dyring-Andersen B,1
Bulkescher J,Bzorek M,1
Bzorek M,Lukas C,1
Bzorek M,Eckert MA,1
Bzorek M,Lengyel E,1
Bzorek M,Gnann C,1
Bzorek M,Lundberg E,1
Bzorek M,Horvath P,1
Bzorek M,Mann M,3
Naimy S,Rahbek-Gjerdrum LM,1
Dyring-Andersen B,Naimy S,1
Bulkescher J,Naimy S,1
Lukas C,Naimy S,1
Eckert MA,Naimy S,1
Lengyel E,Naimy S,1
Gnann C,Naimy S,1
Lundberg E,Naimy S,1
Horvath P,Naimy S,1
Mann M,Naimy S,1
Dyring-Andersen B,Rahbek-Gjerdrum LM,1
Bulkescher J,Rahbek-Gjerdrum LM,1
Lukas C,Rahbek-Gjerdrum LM,1
Eckert MA,Rahbek-Gjerdrum LM,1
Lengyel E,Rahbek-Gjerdrum LM,1
Gnann C,Rahbek-Gjerdrum LM,1
Lundberg E,Rahbek-Gjerdrum LM,1
Horvath P,Rahbek-Gjerdrum LM,1
Mann M,Rahbek-Gjerdrum LM,2
Bulkescher J,Dyring-Andersen B,1
Dyring-Andersen B,Lukas C,1
Dyring-Andersen B,Eckert MA,1
Dyring-Andersen B,Lengyel E,1
Dyring-Andersen B,Gnann C,1
Dyring-Andersen B,Lundberg E,1
Dyring-Andersen B,Horvath P,1
Dyring-Andersen B,Mann M,1
Bulkescher J,Lukas C,1
Bulkescher J,Eckert MA,1
Bulkescher J,Lengyel E,1
Bulkescher J,Gnann C,1
Bulkescher J,Lundberg E,1
Bulkescher J,Horvath P,1
Bulkescher J,Mann M,1
Eckert MA,Lukas C,1
Lengyel E,Lukas C,1
Gnann C,Lukas C,1
Lukas C,Lundberg E,1
Horvath P,Lukas C,1
Lukas C,Mann M,1
Eckert MA,Lengyel E,1
Eckert MA,Gnann C,1
Eckert MA,Lundberg E,1
Eckert MA,Horvath P,1
Eckert MA,Mann M,1
Gnann C,Lengyel E,1
Lengyel E,Lundberg E,1
Horvath P,Lengyel E,1
Lengyel E,Mann M,3
Gnann C,Lundberg E,1
Gnann C,Horvath P,1
Gnann C,Mann M,1
Horvath P,Lundberg E,3
Lundberg E,Mann M,4
Horvath P,Mann M,3
Itang EC,Thielert M,1
Ammar C,Thielert M,2
Rosenberger FA,Thielert M,6
Bludau I,Thielert M,1
Schweizer L,Thielert M,5
Nordmann TM,Thielert M,5
Skowronek P,Thielert M,2
Thielert M,Wahle M,2
Thielert M,Zeng WF,1
Thielert M,Zhou XX,1
Brunner AD,Thielert M,1
Richter S,Thielert M,2
Levesque MP,Thielert M,2
Theis FJ,Thielert M,2
Steger M,Thielert M,1
Mann M,Thielert M,7
Ammar C,Itang EC,1
Itang EC,Rosenberger FA,1
Bludau I,Itang EC,1
Itang EC,Schweizer L,1
Itang EC,Nordmann TM,1
Itang EC,Skowronek P,1
Itang EC,Wahle M,1
Itang EC,Zeng WF,1
Itang EC,Zhou XX,1
Brunner AD,Itang EC,1
Itang EC,Richter S,1
Itang EC,Levesque MP,1
Itang EC,Theis FJ,1
Itang EC,Steger M,1
Itang EC,Mann M,1
Ammar C,Rosenberger FA,2
Ammar C,Bludau I,1
Ammar C,Schweizer L,2
Ammar C,Nordmann TM,2
Ammar C,Skowronek P,2
Ammar C,Wahle M,2
Ammar C,Zeng WF,1
Ammar C,Zhou XX,1
Ammar C,Brunner AD,1
Ammar C,Richter S,1
Ammar C,Levesque MP,1
Ammar C,Theis FJ,1
Ammar C,Steger M,1
Ammar C,Mann M,2
Bludau I,Rosenberger FA,1
Rosenberger FA,Schweizer L,5
Nordmann TM,Rosenberger FA,5
Rosenberger FA,Skowronek P,2
Rosenberger FA,Wahle M,4
Rosenberger FA,Zeng WF,1
Rosenberger FA,Zhou XX,1
Brunner AD,Rosenberger FA,1
Richter S,Rosenberger FA,2
Levesque MP,Rosenberger FA,2
Rosenberger FA,Theis FJ,2
Rosenberger FA,Steger M,1
Mann M,Rosenberger FA,10
Bludau I,Schweizer L,1
Bludau I,Nordmann TM,1
Bludau I,Skowronek P,1
Bludau I,Wahle M,1
Bludau I,Zeng WF,1
Bludau I,Zhou XX,1
Bludau I,Brunner AD,1
Bludau I,Richter S,1
Bludau I,Levesque MP,1
Bludau I,Theis FJ,1
Bludau I,Steger M,1
Bludau I,Mann M,1
Nordmann TM,Schweizer L,6
Schweizer L,Skowronek P,2
Schweizer L,Wahle M,2
Schweizer L,Zeng WF,1
Schweizer L,Zhou XX,1
Richter S,Schweizer L,2
Levesque MP,Schweizer L,2
Schweizer L,Theis FJ,2
Schweizer L,Steger M,1
Nordmann TM,Skowronek P,2
Nordmann TM,Wahle M,3
Nordmann TM,Zeng WF,1
Nordmann TM,Zhou XX,1
Brunner AD,Nordmann TM,1
Nordmann TM,Richter S,2
Levesque MP,Nordmann TM,3
Nordmann TM,Theis FJ,2
Nordmann TM,Steger M,1
Mann M,Nordmann TM,7
Skowronek P,Wahle M,2
Skowronek P,Zeng WF,1
Skowronek P,Zhou XX,1
Brunner AD,Skowronek P,1
Richter S,Skowronek P,1
Levesque MP,Skowronek P,1
Skowronek P,Theis FJ,1
Skowronek P,Steger M,1
Mann M,Skowronek P,2
Wahle M,Zeng WF,1
Wahle M,Zhou XX,1
Brunner AD,Wahle M,1
Richter S,Wahle M,1
Levesque MP,Wahle M,2
Theis FJ,Wahle M,1
Steger M,Wahle M,1
Mann M,Wahle M,5
Zeng WF,Zhou XX,1
Brunner AD,Zeng WF,1
Richter S,Zeng WF,1
Levesque MP,Zeng WF,1
Theis FJ,Zeng WF,1
Steger M,Zeng WF,1
Mann M,Zeng WF,1
Brunner AD,Zhou XX,1
Richter S,Zhou XX,1
Levesque MP,Zhou XX,1
Theis FJ,Zhou XX,1
Steger M,Zhou XX,1
Mann M,Zhou XX,1
Brunner AD,Richter S,1
Brunner AD,Levesque MP,1
Brunner AD,Theis FJ,1
Brunner AD,Steger M,1
Levesque MP,Richter S,1
Richter S,Theis FJ,2
Richter S,Steger M,1
Mann M,Richter S,2
Levesque MP,Theis FJ,1
Levesque MP,Steger M,1
Levesque MP,Mann M,3
Steger M,Theis FJ,1
Mann M,Theis FJ,2
Mann M,Steger M,1
Metousis A,Nordmann TM,5
Nordmann TM,Rodriguez E,3
Nordmann TM,Rahbek-Gjerdrum LM,1
Nordmann TM,Stadler PC,2
Bzorek M,Nordmann TM,1
Mund A,Nordmann TM,4
Metousis A,Schweizer L,5
Rodriguez E,Schweizer L,3
Schweizer L,Stadler PC,2
Metousis A,Thielert M,5
Metousis A,Rodriguez E,3
Metousis A,Rahbek-Gjerdrum LM,1
Metousis A,Stadler PC,2
Bzorek M,Metousis A,1
Metousis A,Mund A,4
Metousis A,Rosenberger FA,7
Mann M,Metousis A,10
Rodriguez E,Thielert M,3
Rahbek-Gjerdrum LM,Thielert M,1
Stadler PC,Thielert M,2
Bzorek M,Thielert M,1
Mund A,Thielert M,4
Rahbek-Gjerdrum LM,Rodriguez E,1
Rodriguez E,Stadler PC,1
Bzorek M,Rodriguez E,1
Mund A,Rodriguez E,3
Rodriguez E,Rosenberger FA,3
Mann M,Rodriguez E,3
Rahbek-Gjerdrum LM,Stadler PC,1
Rahbek-Gjerdrum LM,Rosenberger FA,1
Bzorek M,Stadler PC,1
Mund A,Stadler PC,2
Rosenberger FA,Stadler PC,2
Mann M,Stadler PC,2
Bzorek M,Rosenberger FA,1
Mund A,Rosenberger FA,5
Rosenberger FA,Strauss MT,4
Mädler SC,Rosenberger FA,2
Madden K,Rosenberger FA,1
Gote-Schniering J,Rosenberger FA,1
Rosenberger FA,Semenova A,1
Rosenberger FA,Schiller HB,1
Strauss MT,Thielert M,3
Mädler SC,Thielert M,1
Madden K,Thielert M,1
Gote-Schniering J,Thielert M,1
Semenova A,Thielert M,1
Schiller HB,Thielert M,1
Schweizer L,Strauss MT,4
Ammar C,Strauss MT,1
Mädler SC,Strauss MT,1
Metousis A,Strauss MT,3
Skowronek P,Strauss MT,1
Strauss MT,Wahle M,1
Madden K,Strauss MT,1
Gote-Schniering J,Strauss MT,1
Semenova A,Strauss MT,1
Schiller HB,Strauss MT,1
Rodriguez E,Strauss MT,2
Nordmann TM,Strauss MT,3
Mund A,Strauss MT,5
Mann M,Strauss MT,4
Mädler SC,Schweizer L,1
Madden K,Schweizer L,1
Gote-Schniering J,Schweizer L,1
Schweizer L,Semenova A,1
Schiller HB,Schweizer L,1
Ammar C,Mädler SC,1
Ammar C,Metousis A,1
Ammar C,Madden K,1
Ammar C,Gote-Schniering J,1
Ammar C,Semenova A,1
Ammar C,Schiller HB,1
Ammar C,Rodriguez E,1
Ammar C,Mund A,1
Metousis A,Mädler SC,3
Mädler SC,Skowronek P,1
Mädler SC,Wahle M,2
Madden K,Mädler SC,1
Gote-Schniering J,Mädler SC,1
Mädler SC,Semenova A,1
Mädler SC,Schiller HB,1
Mädler SC,Rodriguez E,1
Mädler SC,Nordmann TM,1
Mund A,Mädler SC,1
Mann M,Mädler SC,3
Metousis A,Skowronek P,1
Metousis A,Wahle M,3
Madden K,Metousis A,1
Gote-Schniering J,Metousis A,1
Metousis A,Semenova A,1
Metousis A,Schiller HB,1
Madden K,Skowronek P,1
Gote-Schniering J,Skowronek P,1
Semenova A,Skowronek P,1
Schiller HB,Skowronek P,1
Rodriguez E,Skowronek P,1
Mund A,Skowronek P,1
Madden K,Wahle M,1
Gote-Schniering J,Wahle M,1
Semenova A,Wahle M,1
Schiller HB,Wahle M,1
Rodriguez E,Wahle M,1
Mund A,Wahle M,1
Gote-Schniering J,Madden K,1
Madden K,Semenova A,1
Madden K,Schiller HB,1
Madden K,Rodriguez E,1
Madden K,Nordmann TM,1
Madden K,Mund A,1
Madden K,Mann M,1
Gote-Schniering J,Semenova A,1
Gote-Schniering J,Schiller HB,1
Gote-Schniering J,Rodriguez E,1
Gote-Schniering J,Nordmann TM,1
Gote-Schniering J,Mund A,1
Gote-Schniering J,Mann M,1
Schiller HB,Semenova A,1
Rodriguez E,Semenova A,1
Nordmann TM,Semenova A,1
Mund A,Semenova A,1
Mann M,Semenova A,1
Rodriguez E,Schiller HB,1
Nordmann TM,Schiller HB,1
Mund A,Schiller HB,1
Mann M,Schiller HB,1
Makhmut A,Qin D,2
Fritzsche S,Makhmut A,2
Makhmut A,Nimo J,1
König J,Makhmut A,1
Coscia F,Makhmut A,4
Fritzsche S,Qin D,1
Nimo J,Qin D,1
König J,Qin D,1
Coscia F,Qin D,2
Fritzsche S,Nimo J,2
Fritzsche S,König J,1
Coscia F,Fritzsche S,5
König J,Nimo J,1
Coscia F,Nimo J,4
Coscia F,König J,1
Hartlmayr D,Makhmut A,1
Makhmut A,Seth A,1
Hartlmayr D,Qin D,1
Qin D,Seth A,1
Hartlmayr D,Seth A,1
Coscia F,Hartlmayr D,1
Coscia F,Seth A,1
Kabatnik S,Post F,2
Drici L,Kabatnik S,1
Bartels AS,Kabatnik S,1
Kabatnik S,Strauss MT,1
Kabatnik S,Zheng X,2
Kabatnik S,Madsen GI,1
Kabatnik S,Mund A,2
Kabatnik S,Rosenberger FA,1
Kabatnik S,Moreira J,1
Kabatnik S,Mann M,3
Drici L,Post F,1
Bartels AS,Post F,1
Post F,Strauss MT,1
Post F,Zheng X,1
Madsen GI,Post F,1
Mund A,Post F,3
Post F,Rosenberger FA,1
Moreira J,Post F,1
Mann M,Post F,3
Bartels AS,Drici L,1
Drici L,Strauss MT,1
Drici L,Zheng X,1
Drici L,Madsen GI,1
Drici L,Mund A,1
Drici L,Rosenberger FA,1
Drici L,Moreira J,1
Drici L,Mann M,1
Bartels AS,Strauss MT,1
Bartels AS,Zheng X,1
Bartels AS,Madsen GI,1
Bartels AS,Mund A,1
Bartels AS,Rosenberger FA,1
Bartels AS,Moreira J,1
Bartels AS,Mann M,1
Strauss MT,Zheng X,1
Madsen GI,Strauss MT,1
Moreira J,Strauss MT,1
Madsen GI,Zheng X,1
Mund A,Zheng X,4
Rosenberger FA,Zheng X,1
Moreira J,Zheng X,1
Mann M,Zheng X,5
Madsen GI,Mund A,1
Madsen GI,Rosenberger FA,1
Madsen GI,Moreira J,1
Madsen GI,Mann M,1
Moreira J,Mund A,1
Moreira J,Rosenberger FA,1
Mann M,Moreira J,1
Anderton H,Nordmann TM,1
Hasegawa A,Nordmann TM,1
Nordmann TM,Zhang P,1
Nordmann TM,Sinha A,1
Nordmann TM,Zwiebel M,2
Nordmann TM,Satoh TK,1
Anzengruber F,Nordmann TM,1
Nordmann TM,Tanzer MC,1
Nordmann TM,Saito Y,1
Gong T,Nordmann TM,1
Kimura H,Nordmann TM,1
Nordmann TM,Silke N,1
Nordmann TM,Rodriguez EH,1
Nordmann TM,Restivo G,1
Nguyen HH,Nordmann TM,1
Gross A,Nordmann TM,1
Feldmeyer L,Nordmann TM,1
Joerg L,Nordmann TM,1
Murray PJ,Nordmann TM,2
Ingen-Housz-Oro S,Nordmann TM,1
Abe R,Nordmann TM,1
Nordmann TM,Silke J,1
Ji C,Nordmann TM,2
French LE,Nordmann TM,1
Anderton H,Hasegawa A,1
Anderton H,Schweizer L,1
Anderton H,Zhang P,1
Anderton H,Stadler PC,1
Anderton H,Sinha A,1
Anderton H,Metousis A,1
Anderton H,Rosenberger FA,1
Anderton H,Zwiebel M,1
Anderton H,Satoh TK,1
Anderton H,Anzengruber F,1
Anderton H,Strauss MT,1
Anderton H,Tanzer MC,1
Anderton H,Saito Y,1
Anderton H,Gong T,1
Anderton H,Thielert M,1
Anderton H,Kimura H,1
Anderton H,Silke N,1
Anderton H,Rodriguez EH,1
Anderton H,Restivo G,1
Anderton H,Nguyen HH,1
Anderton H,Gross A,1
Anderton H,Feldmeyer L,1
Anderton H,Joerg L,1
Anderton H,Levesque MP,1
Anderton H,Murray PJ,1
Anderton H,Ingen-Housz-Oro S,1
Anderton H,Mund A,1
Abe R,Anderton H,1
Anderton H,Silke J,1
Anderton H,Ji C,2
Anderton H,French LE,1
Anderton H,Mann M,1
Hasegawa A,Schweizer L,1
Hasegawa A,Zhang P,1
Hasegawa A,Stadler PC,1
Hasegawa A,Sinha A,1
Hasegawa A,Metousis A,1
Hasegawa A,Rosenberger FA,1
Hasegawa A,Zwiebel M,1
Hasegawa A,Satoh TK,1
Anzengruber F,Hasegawa A,1
Hasegawa A,Strauss MT,1
Hasegawa A,Tanzer MC,1
Hasegawa A,Saito Y,1
Gong T,Hasegawa A,1
Hasegawa A,Thielert M,1
Hasegawa A,Kimura H,1
Hasegawa A,Silke N,1
Hasegawa A,Rodriguez EH,1
Hasegawa A,Restivo G,1
Hasegawa A,Nguyen HH,1
Gross A,Hasegawa A,1
Feldmeyer L,Hasegawa A,1
Hasegawa A,Joerg L,1
Hasegawa A,Levesque MP,1
Hasegawa A,Murray PJ,1
Hasegawa A,Ingen-Housz-Oro S,1
Hasegawa A,Mund A,1
Abe R,Hasegawa A,1
Hasegawa A,Silke J,1
Hasegawa A,Ji C,2
French LE,Hasegawa A,1
Hasegawa A,Mann M,1
Schweizer L,Zhang P,1
Schweizer L,Sinha A,1
Schweizer L,Zwiebel M,1
Satoh TK,Schweizer L,1
Anzengruber F,Schweizer L,1
Schweizer L,Tanzer MC,1
Saito Y,Schweizer L,1
Gong T,Schweizer L,1
Kimura H,Schweizer L,1
Schweizer L,Silke N,1
Rodriguez EH,Schweizer L,1
Restivo G,Schweizer L,1
Nguyen HH,Schweizer L,1
Gross A,Schweizer L,1
Feldmeyer L,Schweizer L,1
Joerg L,Schweizer L,1
Murray PJ,Schweizer L,2
Ingen-Housz-Oro S,Schweizer L,1
Abe R,Schweizer L,1
Schweizer L,Silke J,1
Ji C,Schweizer L,2
French LE,Schweizer L,1
Stadler PC,Zhang P,1
Sinha A,Zhang P,1
Metousis A,Zhang P,1
Rosenberger FA,Zhang P,1
Zhang P,Zwiebel M,1
Satoh TK,Zhang P,1
Anzengruber F,Zhang P,1
Strauss MT,Zhang P,1
Tanzer MC,Zhang P,1
Saito Y,Zhang P,1
Gong T,Zhang P,1
Thielert M,Zhang P,1
Kimura H,Zhang P,1
Silke N,Zhang P,1
Rodriguez EH,Zhang P,1
Restivo G,Zhang P,1
Nguyen HH,Zhang P,1
Gross A,Zhang P,1
Feldmeyer L,Zhang P,1
Joerg L,Zhang P,1
Levesque MP,Zhang P,1
Murray PJ,Zhang P,1
Ingen-Housz-Oro S,Zhang P,1
Mund A,Zhang P,1
Abe R,Zhang P,1
Silke J,Zhang P,1
Ji C,Zhang P,2
French LE,Zhang P,1
Mann M,Zhang P,1
Sinha A,Stadler PC,1
Stadler PC,Zwiebel M,1
Satoh TK,Stadler PC,1
Anzengruber F,Stadler PC,1
Stadler PC,Strauss MT,1
Stadler PC,Tanzer MC,1
Saito Y,Stadler PC,1
Gong T,Stadler PC,1
Kimura H,Stadler PC,1
Silke N,Stadler PC,1
Rodriguez EH,Stadler PC,1
Restivo G,Stadler PC,1
Nguyen HH,Stadler PC,1
Gross A,Stadler PC,1
Feldmeyer L,Stadler PC,1
Joerg L,Stadler PC,1
Levesque MP,Stadler PC,1
Murray PJ,Stadler PC,1
Ingen-Housz-Oro S,Stadler PC,1
Abe R,Stadler PC,1
Silke J,Stadler PC,1
Ji C,Stadler PC,2
French LE,Stadler PC,1
Metousis A,Sinha A,2
Rosenberger FA,Sinha A,1
Sinha A,Zwiebel M,1
Satoh TK,Sinha A,1
Anzengruber F,Sinha A,1
Sinha A,Strauss MT,1
Sinha A,Tanzer MC,1
Saito Y,Sinha A,1
Gong T,Sinha A,1
Sinha A,Thielert M,1
Kimura H,Sinha A,1
Silke N,Sinha A,1
Rodriguez EH,Sinha A,1
Restivo G,Sinha A,1
Nguyen HH,Sinha A,1
Gross A,Sinha A,1
Feldmeyer L,Sinha A,1
Joerg L,Sinha A,1
Levesque MP,Sinha A,1
Murray PJ,Sinha A,1
Ingen-Housz-Oro S,Sinha A,1
Mund A,Sinha A,1
Abe R,Sinha A,1
Silke J,Sinha A,1
Ji C,Sinha A,2
French LE,Sinha A,1
Mann M,Sinha A,2
Metousis A,Zwiebel M,3
Metousis A,Satoh TK,1
Anzengruber F,Metousis A,1
Metousis A,Tanzer MC,1
Metousis A,Saito Y,1
Gong T,Metousis A,1
Kimura H,Metousis A,1
Metousis A,Silke N,1
Metousis A,Rodriguez EH,2
Metousis A,Restivo G,1
Metousis A,Nguyen HH,1
Gross A,Metousis A,1
Feldmeyer L,Metousis A,1
Joerg L,Metousis A,1
Levesque MP,Metousis A,1
Metousis A,Murray PJ,2
Ingen-Housz-Oro S,Metousis A,1
Abe R,Metousis A,1
Metousis A,Silke J,1
Ji C,Metousis A,2
French LE,Metousis A,1
Rosenberger FA,Zwiebel M,3
Rosenberger FA,Satoh TK,1
Anzengruber F,Rosenberger FA,1
Rosenberger FA,Tanzer MC,1
Rosenberger FA,Saito Y,1
Gong T,Rosenberger FA,1
Kimura H,Rosenberger FA,1
Rosenberger FA,Silke N,1
Rodriguez EH,Rosenberger FA,2
Restivo G,Rosenberger FA,1
Nguyen HH,Rosenberger FA,1
Gross A,Rosenberger FA,1
Feldmeyer L,Rosenberger FA,1
Joerg L,Rosenberger FA,1
Murray PJ,Rosenberger FA,1
Ingen-Housz-Oro S,Rosenberger FA,1
Abe R,Rosenberger FA,1
Rosenberger FA,Silke J,1
Ji C,Rosenberger FA,2
French LE,Rosenberger FA,1
Satoh TK,Zwiebel M,1
Anzengruber F,Zwiebel M,1
Strauss MT,Zwiebel M,1
Tanzer MC,Zwiebel M,1
Saito Y,Zwiebel M,1
Gong T,Zwiebel M,1
Thielert M,Zwiebel M,2
Kimura H,Zwiebel M,1
Silke N,Zwiebel M,1
Rodriguez EH,Zwiebel M,2
Restivo G,Zwiebel M,1
Nguyen HH,Zwiebel M,1
Gross A,Zwiebel M,1
Feldmeyer L,Zwiebel M,1
Joerg L,Zwiebel M,1
Levesque MP,Zwiebel M,2
Murray PJ,Zwiebel M,1
Ingen-Housz-Oro S,Zwiebel M,1
Mund A,Zwiebel M,1
Abe R,Zwiebel M,1
Silke J,Zwiebel M,1
Ji C,Zwiebel M,2
French LE,Zwiebel M,1
Mann M,Zwiebel M,4
Anzengruber F,Satoh TK,1
Satoh TK,Strauss MT,1
Satoh TK,Tanzer MC,1
Saito Y,Satoh TK,1
Gong T,Satoh TK,1
Satoh TK,Thielert M,1
Kimura H,Satoh TK,1
Satoh TK,Silke N,1
Rodriguez EH,Satoh TK,1
Restivo G,Satoh TK,1
Nguyen HH,Satoh TK,1
Gross A,Satoh TK,1
Feldmeyer L,Satoh TK,1
Joerg L,Satoh TK,1
Levesque MP,Satoh TK,1
Murray PJ,Satoh TK,1
Ingen-Housz-Oro S,Satoh TK,1
Mund A,Satoh TK,1
Abe R,Satoh TK,1
Satoh TK,Silke J,1
Ji C,Satoh TK,2
French LE,Satoh TK,1
Mann M,Satoh TK,1
Anzengruber F,Strauss MT,1
Anzengruber F,Tanzer MC,1
Anzengruber F,Saito Y,1
Anzengruber F,Gong T,1
Anzengruber F,Thielert M,1
Anzengruber F,Kimura H,1
Anzengruber F,Silke N,1
Anzengruber F,Rodriguez EH,1
Anzengruber F,Restivo G,1
Anzengruber F,Nguyen HH,1
Anzengruber F,Gross A,1
Anzengruber F,Feldmeyer L,1
Anzengruber F,Joerg L,1
Anzengruber F,Levesque MP,1
Anzengruber F,Murray PJ,1
Anzengruber F,Ingen-Housz-Oro S,1
Anzengruber F,Mund A,1
Abe R,Anzengruber F,1
Anzengruber F,Silke J,1
Anzengruber F,Ji C,2
Anzengruber F,French LE,1
Anzengruber F,Mann M,1
Strauss MT,Tanzer MC,1
Saito Y,Strauss MT,1
Gong T,Strauss MT,1
Kimura H,Strauss MT,1
Silke N,Strauss MT,1
Rodriguez EH,Strauss MT,1
Restivo G,Strauss MT,1
Nguyen HH,Strauss MT,1
Gross A,Strauss MT,1
Feldmeyer L,Strauss MT,1
Joerg L,Strauss MT,1
Levesque MP,Strauss MT,1
Murray PJ,Strauss MT,1
Ingen-Housz-Oro S,Strauss MT,1
Abe R,Strauss MT,1
Silke J,Strauss MT,1
Ji C,Strauss MT,2
French LE,Strauss MT,1
Saito Y,Tanzer MC,1
Gong T,Tanzer MC,1
Tanzer MC,Thielert M,1
Kimura H,Tanzer MC,1
Silke N,Tanzer MC,1
Rodriguez EH,Tanzer MC,1
Restivo G,Tanzer MC,1
Nguyen HH,Tanzer MC,1
Gross A,Tanzer MC,1
Feldmeyer L,Tanzer MC,1
Joerg L,Tanzer MC,1
Levesque MP,Tanzer MC,1
Murray PJ,Tanzer MC,1
Ingen-Housz-Oro S,Tanzer MC,1
Mund A,Tanzer MC,1
Abe R,Tanzer MC,1
Silke J,Tanzer MC,1
Ji C,Tanzer MC,2
French LE,Tanzer MC,1
Mann M,Tanzer MC,1
Gong T,Saito Y,1
Saito Y,Thielert M,1
Kimura H,Saito Y,1
Saito Y,Silke N,1
Rodriguez EH,Saito Y,1
Restivo G,Saito Y,1
Nguyen HH,Saito Y,1
Gross A,Saito Y,1
Feldmeyer L,Saito Y,1
Joerg L,Saito Y,1
Levesque MP,Saito Y,1
Murray PJ,Saito Y,1
Ingen-Housz-Oro S,Saito Y,1
Mund A,Saito Y,1
Abe R,Saito Y,1
Saito Y,Silke J,1
Ji C,Saito Y,2
French LE,Saito Y,1
Mann M,Saito Y,1
Gong T,Thielert M,1
Gong T,Kimura H,1
Gong T,Silke N,1
Gong T,Rodriguez EH,1
Gong T,Restivo G,1
Gong T,Nguyen HH,1
Gong T,Gross A,1
Feldmeyer L,Gong T,1
Gong T,Joerg L,1
Gong T,Levesque MP,1
Gong T,Murray PJ,1
Gong T,Ingen-Housz-Oro S,1
Gong T,Mund A,1
Abe R,Gong T,1
Gong T,Silke J,1
Gong T,Ji C,2
French LE,Gong T,1
Gong T,Mann M,1
Kimura H,Thielert M,1
Silke N,Thielert M,1
Rodriguez EH,Thielert M,2
Restivo G,Thielert M,1
Nguyen HH,Thielert M,1
Gross A,Thielert M,1
Feldmeyer L,Thielert M,1
Joerg L,Thielert M,1
Murray PJ,Thielert M,1
Ingen-Housz-Oro S,Thielert M,1
Abe R,Thielert M,1
Silke J,Thielert M,1
Ji C,Thielert M,2
French LE,Thielert M,1
Kimura H,Silke N,1
Kimura H,Rodriguez EH,1
Kimura H,Restivo G,1
Kimura H,Nguyen HH,1
Gross A,Kimura H,1
Feldmeyer L,Kimura H,1
Joerg L,Kimura H,1
Kimura H,Levesque MP,1
Kimura H,Murray PJ,1
Ingen-Housz-Oro S,Kimura H,1
Kimura H,Mund A,1
Abe R,Kimura H,1
Kimura H,Silke J,1
Ji C,Kimura H,2
French LE,Kimura H,1
Kimura H,Mann M,1
Rodriguez EH,Silke N,1
Restivo G,Silke N,1
Nguyen HH,Silke N,1
Gross A,Silke N,1
Feldmeyer L,Silke N,1
Joerg L,Silke N,1
Levesque MP,Silke N,1
Murray PJ,Silke N,1
Ingen-Housz-Oro S,Silke N,1
Mund A,Silke N,1
Abe R,Silke N,1
Silke J,Silke N,1
Ji C,Silke N,2
French LE,Silke N,1
Mann M,Silke N,1
Restivo G,Rodriguez EH,1
Nguyen HH,Rodriguez EH,1
Gross A,Rodriguez EH,1
Feldmeyer L,Rodriguez EH,1
Joerg L,Rodriguez EH,1
Levesque MP,Rodriguez EH,1
Murray PJ,Rodriguez EH,1
Ingen-Housz-Oro S,Rodriguez EH,1
Mund A,Rodriguez EH,1
Abe R,Rodriguez EH,1
Rodriguez EH,Silke J,1
Ji C,Rodriguez EH,2
French LE,Rodriguez EH,1
Mann M,Rodriguez EH,2
Nguyen HH,Restivo G,1
Gross A,Restivo G,1
Feldmeyer L,Restivo G,1
Joerg L,Restivo G,1
Levesque MP,Restivo G,1
Murray PJ,Restivo G,1
Ingen-Housz-Oro S,Restivo G,1
Mund A,Restivo G,1
Abe R,Restivo G,1
Restivo G,Silke J,1
Ji C,Restivo G,2
French LE,Restivo G,1
Mann M,Restivo G,1
Gross A,Nguyen HH,1
Feldmeyer L,Nguyen HH,1
Joerg L,Nguyen HH,1
Levesque MP,Nguyen HH,1
Murray PJ,Nguyen HH,1
Ingen-Housz-Oro S,Nguyen HH,1
Mund A,Nguyen HH,1
Abe R,Nguyen HH,1
Nguyen HH,Silke J,1
Ji C,Nguyen HH,2
French LE,Nguyen HH,1
Mann M,Nguyen HH,1
Feldmeyer L,Gross A,1
Gross A,Joerg L,1
Gross A,Levesque MP,1
Gross A,Murray PJ,1
Gross A,Ingen-Housz-Oro S,1
Gross A,Mund A,1
Abe R,Gross A,1
Gross A,Silke J,1
Gross A,Ji C,2
French LE,Gross A,1
Gross A,Mann M,1
Feldmeyer L,Joerg L,1
Feldmeyer L,Levesque MP,1
Feldmeyer L,Murray PJ,1
Feldmeyer L,Ingen-Housz-Oro S,1
Feldmeyer L,Mund A,1
Abe R,Feldmeyer L,1
Feldmeyer L,Silke J,1
Feldmeyer L,Ji C,2
Feldmeyer L,French LE,1
Feldmeyer L,Mann M,1
Joerg L,Levesque MP,1
Joerg L,Murray PJ,1
Ingen-Housz-Oro S,Joerg L,1
Joerg L,Mund A,1
Abe R,Joerg L,1
Joerg L,Silke J,1
Ji C,Joerg L,2
French LE,Joerg L,1
Joerg L,Mann M,1
Levesque MP,Murray PJ,1
Ingen-Housz-Oro S,Levesque MP,1
Levesque MP,Mund A,1
Abe R,Levesque MP,1
Levesque MP,Silke J,1
Ji C,Levesque MP,2
French LE,Levesque MP,1
Ingen-Housz-Oro S,Murray PJ,1
Mund A,Murray PJ,1
Abe R,Murray PJ,1
Murray PJ,Silke J,1
Ji C,Murray PJ,2
French LE,Murray PJ,1
Mann M,Murray PJ,2
Ingen-Housz-Oro S,Mund A,1
Abe R,Ingen-Housz-Oro S,1
Ingen-Housz-Oro S,Silke J,1
Ingen-Housz-Oro S,Ji C,2
French LE,Ingen-Housz-Oro S,1
Ingen-Housz-Oro S,Mann M,1
Abe R,Mund A,1
Mund A,Silke J,1
Ji C,Mund A,2
French LE,Mund A,1
Abe R,Silke J,1
Abe R,Ji C,2
Abe R,French LE,1
Abe R,Mann M,1
Ji C,Silke J,2
French LE,Silke J,1
Mann M,Silke J,1
Ji C,Ji C,1
French LE,Ji C,2
Ji C,Mann M,2
French LE,Mann M,1
Kabatnik S,Pappas G,1
Kabatnik S,Steigerwald S,2
Kabatnik S,Padula MP,1
Pappas G,Zheng X,1
Steigerwald S,Zheng X,1
Padula MP,Zheng X,1
Pappas G,Steigerwald S,1
Padula MP,Pappas G,1
Mann M,Pappas G,1
Padula MP,Steigerwald S,1
Mann M,Steigerwald S,4
Mann M,Padula MP,1
Boottanun P,Fuseya S,1
Boottanun P,Kuno A,1
Fuseya S,Kuno A,1
Rosenberger FA,Thorhauge KH,1
Rosenberger FA,Steigerwald S,2
Fromme M,Rosenberger FA,1
Lebedev M,Rosenberger FA,1
Rosenberger FA,Weiss CAM,3
Oeller M,Rosenberger FA,3
Rosenberger FA,Schmacke NA,1
Detlefsen S,Rosenberger FA,1
Boor P,Rosenberger FA,1
Fabián O,Rosenberger FA,1
Fraňková S,Rosenberger FA,1
Krag A,Rosenberger FA,1
Rosenberger FA,Strnad P,1
Mädler SC,Thorhauge KH,1
Mädler SC,Steigerwald S,1
Fromme M,Mädler SC,1
Lebedev M,Mädler SC,1
Mädler SC,Weiss CAM,1
Mädler SC,Oeller M,1
Mädler SC,Zwiebel M,1
Mädler SC,Schmacke NA,2
Detlefsen S,Mädler SC,1
Boor P,Mädler SC,1
Fabián O,Mädler SC,1
Fraňková S,Mädler SC,1
Krag A,Mädler SC,1
Mädler SC,Strnad P,1
Steigerwald S,Thorhauge KH,1
Fromme M,Thorhauge KH,1
Lebedev M,Thorhauge KH,1
Thorhauge KH,Weiss CAM,1
Oeller M,Thorhauge KH,1
Thorhauge KH,Wahle M,1
Metousis A,Thorhauge KH,1
Thorhauge KH,Zwiebel M,1
Schmacke NA,Thorhauge KH,1
Detlefsen S,Thorhauge KH,1
Boor P,Thorhauge KH,1
Fabián O,Thorhauge KH,1
Fraňková S,Thorhauge KH,1
Krag A,Thorhauge KH,1
Strnad P,Thorhauge KH,1
Mann M,Thorhauge KH,1
Fromme M,Steigerwald S,1
Lebedev M,Steigerwald S,1
Steigerwald S,Weiss CAM,2
Oeller M,Steigerwald S,1
Steigerwald S,Wahle M,1
Metousis A,Steigerwald S,1
Steigerwald S,Zwiebel M,1
Schmacke NA,Steigerwald S,1
Detlefsen S,Steigerwald S,1
Boor P,Steigerwald S,1
Fabián O,Steigerwald S,1
Fraňková S,Steigerwald S,1
Krag A,Steigerwald S,1
Steigerwald S,Strnad P,1
Fromme M,Lebedev M,1
Fromme M,Weiss CAM,1
Fromme M,Oeller M,1
Fromme M,Wahle M,1
Fromme M,Metousis A,1
Fromme M,Zwiebel M,1
Fromme M,Schmacke NA,1
Detlefsen S,Fromme M,1
Boor P,Fromme M,1
Fabián O,Fromme M,1
Fraňková S,Fromme M,1
Fromme M,Krag A,1
Fromme M,Strnad P,1
Fromme M,Mann M,1
Lebedev M,Weiss CAM,1
Lebedev M,Oeller M,1
Lebedev M,Wahle M,1
Lebedev M,Metousis A,1
Lebedev M,Zwiebel M,1
Lebedev M,Schmacke NA,1
Detlefsen S,Lebedev M,1
Boor P,Lebedev M,1
Fabián O,Lebedev M,1
Fraňková S,Lebedev M,1
Krag A,Lebedev M,1
Lebedev M,Strnad P,1
Lebedev M,Mann M,1
Oeller M,Weiss CAM,2
Wahle M,Weiss CAM,2
Metousis A,Weiss CAM,2
Weiss CAM,Zwiebel M,1
Schmacke NA,Weiss CAM,1
Detlefsen S,Weiss CAM,1
Boor P,Weiss CAM,1
Fabián O,Weiss CAM,1
Fraňková S,Weiss CAM,1
Krag A,Weiss CAM,1
Strnad P,Weiss CAM,1
Mann M,Weiss CAM,3
Oeller M,Wahle M,2
Metousis A,Oeller M,3
Oeller M,Zwiebel M,2
Oeller M,Schmacke NA,1
Detlefsen S,Oeller M,1
Boor P,Oeller M,1
Fabián O,Oeller M,1
Fraňková S,Oeller M,1
Krag A,Oeller M,1
Oeller M,Strnad P,1
Mann M,Oeller M,3
Wahle M,Zwiebel M,2
Schmacke NA,Wahle M,1
Detlefsen S,Wahle M,1
Boor P,Wahle M,1
Fabián O,Wahle M,1
Fraňková S,Wahle M,1
Krag A,Wahle M,1
Strnad P,Wahle M,1
Metousis A,Schmacke NA,2
Detlefsen S,Metousis A,1
Boor P,Metousis A,1
Fabián O,Metousis A,1
Fraňková S,Metousis A,1
Krag A,Metousis A,1
Metousis A,Strnad P,1
Schmacke NA,Zwiebel M,1
Detlefsen S,Zwiebel M,1
Boor P,Zwiebel M,1
Fabián O,Zwiebel M,1
Fraňková S,Zwiebel M,1
Krag A,Zwiebel M,1
Strnad P,Zwiebel M,1
Detlefsen S,Schmacke NA,1
Boor P,Schmacke NA,1
Fabián O,Schmacke NA,1
Fraňková S,Schmacke NA,1
Krag A,Schmacke NA,1
Schmacke NA,Strnad P,1
Mann M,Schmacke NA,2
Boor P,Detlefsen S,1
Detlefsen S,Fabián O,1
Detlefsen S,Fraňková S,1
Detlefsen S,Krag A,1
Detlefsen S,Strnad P,1
Detlefsen S,Mann M,1
Boor P,Fabián O,1
Boor P,Fraňková S,1
Boor P,Krag A,1
Boor P,Strnad P,1
Boor P,Mann M,1
Fabián O,Fraňková S,1
Fabián O,Krag A,1
Fabián O,Strnad P,1
Fabián O,Mann M,1
Fraňková S,Krag A,1
Fraňková S,Strnad P,1
Fraňková S,Mann M,1
Krag A,Strnad P,1
Krag A,Mann M,1
Mann M,Strnad P,1
Kenny HA,Schweizer L,1
Krishnan R,Schweizer L,1
Kelliher L,Schweizer L,1
Bilecz AJ,Schweizer L,1
Heide J,Schweizer L,1
Donle L,Schweizer L,1
Schweizer L,Shimizu A,1
Mendoza R,Schweizer L,1
Rauch S,Schweizer L,1
Li Y,Schweizer L,1
Kurnit KC,Schweizer L,1
Müller-Reif JB,Schweizer L,1
Schweizer L,Yamada SD,1
Lastra RR,Schweizer L,1
Kenny HA,Krishnan R,1
Kelliher L,Kenny HA,1
Bilecz AJ,Kenny HA,1
Heide J,Kenny HA,1
Donle L,Kenny HA,1
Kenny HA,Shimizu A,1
Kenny HA,Metousis A,1
Kenny HA,Mendoza R,1
Kenny HA,Nordmann TM,1
Kenny HA,Rauch S,1
Kenny HA,Richter S,1
Kenny HA,Li Y,1
Kenny HA,Rosenberger FA,1
Kenny HA,Strauss MT,1
Kenny HA,Kurnit KC,1
Kenny HA,Thielert M,1
Kenny HA,Rodriguez E,1
Kenny HA,Müller-Reif JB,1
Kenny HA,Yamada SD,1
Kenny HA,Theis FJ,1
Kenny HA,Mund A,1
Kenny HA,Lastra RR,1
Kenny HA,Mann M,1
Kenny HA,Lengyel E,1
Kelliher L,Krishnan R,1
Bilecz AJ,Krishnan R,1
Heide J,Krishnan R,1
Donle L,Krishnan R,1
Krishnan R,Shimizu A,1
Krishnan R,Metousis A,1
Krishnan R,Mendoza R,1
Krishnan R,Nordmann TM,1
Krishnan R,Rauch S,1
Krishnan R,Richter S,1
Krishnan R,Li Y,1
Krishnan R,Rosenberger FA,1
Krishnan R,Strauss MT,1
Krishnan R,Kurnit KC,1
Krishnan R,Thielert M,1
Krishnan R,Rodriguez E,1
Krishnan R,Müller-Reif JB,1
Krishnan R,Yamada SD,1
Krishnan R,Theis FJ,1
Krishnan R,Mund A,1
Krishnan R,Lastra RR,1
Krishnan R,Mann M,1
Krishnan R,Lengyel E,1
Bilecz AJ,Kelliher L,1
Heide J,Kelliher L,1
Donle L,Kelliher L,1
Kelliher L,Shimizu A,1
Kelliher L,Metousis A,1
Kelliher L,Mendoza R,1
Kelliher L,Nordmann TM,1
Kelliher L,Rauch S,1
Kelliher L,Richter S,1
Kelliher L,Li Y,1
Kelliher L,Rosenberger FA,1
Kelliher L,Strauss MT,1
Kelliher L,Kurnit KC,1
Kelliher L,Thielert M,1
Kelliher L,Rodriguez E,1
Kelliher L,Müller-Reif JB,1
Kelliher L,Yamada SD,1
Kelliher L,Theis FJ,1
Kelliher L,Mund A,1
Kelliher L,Lastra RR,1
Kelliher L,Mann M,1
Kelliher L,Lengyel E,1
Bilecz AJ,Heide J,1
Bilecz AJ,Donle L,1
Bilecz AJ,Shimizu A,1
Bilecz AJ,Metousis A,1
Bilecz AJ,Mendoza R,1
Bilecz AJ,Nordmann TM,1
Bilecz AJ,Rauch S,1
Bilecz AJ,Richter S,1
Bilecz AJ,Li Y,1
Bilecz AJ,Rosenberger FA,1
Bilecz AJ,Strauss MT,1
Bilecz AJ,Kurnit KC,1
Bilecz AJ,Thielert M,1
Bilecz AJ,Rodriguez E,1
Bilecz AJ,Müller-Reif JB,1
Bilecz AJ,Yamada SD,1
Bilecz AJ,Theis FJ,1
Bilecz AJ,Mund A,1
Bilecz AJ,Lastra RR,1
Bilecz AJ,Mann M,1
Bilecz AJ,Lengyel E,1
Donle L,Heide J,1
Heide J,Shimizu A,1
Heide J,Metousis A,1
Heide J,Mendoza R,1
Heide J,Nordmann TM,1
Heide J,Rauch S,1
Heide J,Richter S,1
Heide J,Li Y,1
Heide J,Rosenberger FA,1
Heide J,Strauss MT,1
Heide J,Kurnit KC,1
Heide J,Thielert M,1
Heide J,Rodriguez E,1
Heide J,Müller-Reif JB,1
Heide J,Yamada SD,1
Heide J,Theis FJ,1
Heide J,Mund A,1
Heide J,Lastra RR,1
Heide J,Mann M,1
Heide J,Lengyel E,1
Donle L,Shimizu A,1
Donle L,Metousis A,1
Donle L,Mendoza R,1
Donle L,Nordmann TM,1
Donle L,Rauch S,1
Donle L,Richter S,1
Donle L,Li Y,1
Donle L,Rosenberger FA,1
Donle L,Strauss MT,1
Donle L,Kurnit KC,1
Donle L,Thielert M,1
Donle L,Rodriguez E,1
Donle L,Müller-Reif JB,1
Donle L,Yamada SD,1
Donle L,Theis FJ,1
Donle L,Mund A,1
Donle L,Lastra RR,1
Donle L,Mann M,1
Donle L,Lengyel E,1
Metousis A,Shimizu A,1
Mendoza R,Shimizu A,1
Nordmann TM,Shimizu A,1
Rauch S,Shimizu A,1
Richter S,Shimizu A,1
Li Y,Shimizu A,1
Rosenberger FA,Shimizu A,1
Shimizu A,Strauss MT,1
Kurnit KC,Shimizu A,1
Shimizu A,Thielert M,1
Rodriguez E,Shimizu A,1
Müller-Reif JB,Shimizu A,1
Shimizu A,Yamada SD,1
Shimizu A,Theis FJ,1
Mund A,Shimizu A,1
Lastra RR,Shimizu A,1
Mann M,Shimizu A,1
Lengyel E,Shimizu A,1
Mendoza R,Metousis A,1
Metousis A,Rauch S,1
Metousis A,Richter S,1
Li Y,Metousis A,1
Kurnit KC,Metousis A,1
Metousis A,Müller-Reif JB,1
Metousis A,Yamada SD,1
Metousis A,Theis FJ,1
Lastra RR,Metousis A,1
Lengyel E,Metousis A,2
Mendoza R,Nordmann TM,1
Mendoza R,Rauch S,1
Mendoza R,Richter S,1
Li Y,Mendoza R,1
Mendoza R,Rosenberger FA,1
Mendoza R,Strauss MT,1
Kurnit KC,Mendoza R,1
Mendoza R,Thielert M,1
Mendoza R,Rodriguez E,1
Mendoza R,Müller-Reif JB,1
Mendoza R,Yamada SD,1
Mendoza R,Theis FJ,1
Mendoza R,Mund A,1
Lastra RR,Mendoza R,1
Mann M,Mendoza R,1
Lengyel E,Mendoza R,1
Nordmann TM,Rauch S,1
Li Y,Nordmann TM,1
Kurnit KC,Nordmann TM,1
Müller-Reif JB,Nordmann TM,1
Nordmann TM,Yamada SD,1
Lastra RR,Nordmann TM,1
Lengyel E,Nordmann TM,2
Rauch S,Richter S,1
Li Y,Rauch S,1
Rauch S,Rosenberger FA,1
Rauch S,Strauss MT,1
Kurnit KC,Rauch S,1
Rauch S,Thielert M,1
Rauch S,Rodriguez E,1
Müller-Reif JB,Rauch S,1
Rauch S,Yamada SD,1
Rauch S,Theis FJ,1
Mund A,Rauch S,1
Lastra RR,Rauch S,1
Mann M,Rauch S,1
Lengyel E,Rauch S,1
Li Y,Richter S,1
Richter S,Strauss MT,1
Kurnit KC,Richter S,1
Richter S,Rodriguez E,1
Müller-Reif JB,Richter S,1
Richter S,Yamada SD,1
Mund A,Richter S,1
Lastra RR,Richter S,1
Lengyel E,Richter S,1
Li Y,Rosenberger FA,1
Li Y,Strauss MT,1
Kurnit KC,Li Y,1
Li Y,Thielert M,1
Li Y,Rodriguez E,1
Li Y,Müller-Reif JB,1
Li Y,Yamada SD,1
Li Y,Theis FJ,1
Li Y,Mund A,1
Lastra RR,Li Y,1
Li Y,Mann M,1
Lengyel E,Li Y,1
Kurnit KC,Rosenberger FA,1
Müller-Reif JB,Rosenberger FA,1
Rosenberger FA,Yamada SD,1
Lastra RR,Rosenberger FA,1
Lengyel E,Rosenberger FA,1
Kurnit KC,Strauss MT,1
Müller-Reif JB,Strauss MT,1
Strauss MT,Yamada SD,1
Strauss MT,Theis FJ,1
Lastra RR,Strauss MT,1
Lengyel E,Strauss MT,1
Kurnit KC,Thielert M,1
Kurnit KC,Rodriguez E,1
Kurnit KC,Müller-Reif JB,1
Kurnit KC,Yamada SD,1
Kurnit KC,Theis FJ,1
Kurnit KC,Mund A,1
Kurnit KC,Lastra RR,1
Kurnit KC,Mann M,1
Kurnit KC,Lengyel E,1
Müller-Reif JB,Thielert M,1
Thielert M,Yamada SD,1
Lastra RR,Thielert M,1
Lengyel E,Thielert M,1
Müller-Reif JB,Rodriguez E,1
Rodriguez E,Yamada SD,1
Rodriguez E,Theis FJ,1
Lastra RR,Rodriguez E,1
Lengyel E,Rodriguez E,1
Müller-Reif JB,Yamada SD,1
Müller-Reif JB,Theis FJ,1
Mund A,Müller-Reif JB,1
Lastra RR,Müller-Reif JB,1
Mann M,Müller-Reif JB,1
Lengyel E,Müller-Reif JB,1
Theis FJ,Yamada SD,1
Mund A,Yamada SD,1
Lastra RR,Yamada SD,1
Mann M,Yamada SD,1
Lengyel E,Yamada SD,1
Mund A,Theis FJ,1
Lastra RR,Theis FJ,1
Lengyel E,Theis FJ,1
Lastra RR,Mund A,1
Lastra RR,Mann M,1
Lastra RR,Lengyel E,1
Bhat M,Manickavel P,1
Guedes J,Woldmar N,1
Guedes J,Szasz AM,1
Guedes J,Wieslander E,1
Guedes J,Pawłowski K,1
Guedes J,Horvatovich P,1
Guedes J,Malm J,1
Guedes J,Szadai L,1
Guedes J,Németh IB,1
Guedes J,Marko-Varga G,1
Gil J,Guedes J,1
Szasz AM,Woldmar N,1
Wieslander E,Woldmar N,1
Pawłowski K,Woldmar N,1
Horvatovich P,Woldmar N,1
Malm J,Woldmar N,1
Szadai L,Woldmar N,1
Németh IB,Woldmar N,1
Marko-Varga G,Woldmar N,1
Gil J,Woldmar N,1
Szasz AM,Wieslander E,1
Pawłowski K,Szasz AM,1
Horvatovich P,Szasz AM,1
Malm J,Szasz AM,1
Szadai L,Szasz AM,1
Németh IB,Szasz AM,1
Marko-Varga G,Szasz AM,1
Gil J,Szasz AM,1
Pawłowski K,Wieslander E,1
Horvatovich P,Wieslander E,1
Malm J,Wieslander E,1
Szadai L,Wieslander E,1
Németh IB,Wieslander E,1
Marko-Varga G,Wieslander E,1
Gil J,Wieslander E,1
Horvatovich P,Pawłowski K,1
Malm J,Pawłowski K,1
Pawłowski K,Szadai L,1
Németh IB,Pawłowski K,1
Marko-Varga G,Pawłowski K,1
Gil J,Pawłowski K,1
Horvatovich P,Malm J,1
Horvatovich P,Szadai L,1
Horvatovich P,Németh IB,1
Horvatovich P,Marko-Varga G,1
Gil J,Horvatovich P,1
Malm J,Szadai L,1
Malm J,Németh IB,1
Malm J,Marko-Varga G,1
Gil J,Malm J,1
Németh IB,Szadai L,1
Marko-Varga G,Szadai L,1
Gil J,Szadai L,1
Marko-Varga G,Németh IB,1
Gil J,Németh IB,1
Gil J,Marko-Varga G,1
Hausmann A,Post F,1
Post F,Steigerwald S,1
Brand A,Post F,1
Clement DL,Post F,1
Post F,Skov J,1
Lõhmussaar K,Post F,1
Larsen HL,Post F,1
Maimets M,Post F,1
Boye TL,Post F,1
Jez G,Post F,1
Post F,Sato T,1
Post F,Steenholdt C,1
Post F,Rosenberger F,1
Nielsen OH,Post F,1
Jensen KB,Post F,1
Hausmann A,Kabatnik S,1
Hausmann A,Steigerwald S,1
Brand A,Hausmann A,1
Clement DL,Hausmann A,1
Hausmann A,Skov J,1
Hausmann A,Lõhmussaar K,1
Hausmann A,Larsen HL,1
Hausmann A,Maimets M,1
Boye TL,Hausmann A,1
Hausmann A,Jez G,1
Hausmann A,Sato T,1
Hausmann A,Steenholdt C,1
Hausmann A,Rosenberger F,1
Hausmann A,Mund A,1
Hausmann A,Nielsen OH,1
Hausmann A,Jensen KB,1
Hausmann A,Mann M,1
Brand A,Kabatnik S,1
Clement DL,Kabatnik S,1
Kabatnik S,Skov J,1
Kabatnik S,Lõhmussaar K,1
Kabatnik S,Larsen HL,1
Kabatnik S,Maimets M,1
Boye TL,Kabatnik S,1
Jez G,Kabatnik S,1
Kabatnik S,Sato T,1
Kabatnik S,Steenholdt C,1
Kabatnik S,Rosenberger F,1
Kabatnik S,Nielsen OH,1
Jensen KB,Kabatnik S,1
Brand A,Steigerwald S,1
Clement DL,Steigerwald S,1
Skov J,Steigerwald S,1
Lõhmussaar K,Steigerwald S,1
Larsen HL,Steigerwald S,1
Maimets M,Steigerwald S,1
Boye TL,Steigerwald S,1
Jez G,Steigerwald S,1
Sato T,Steigerwald S,1
Steenholdt C,Steigerwald S,1
Rosenberger F,Steigerwald S,1
Mund A,Steigerwald S,1
Nielsen OH,Steigerwald S,1
Jensen KB,Steigerwald S,1
Brand A,Clement DL,1
Brand A,Skov J,1
Brand A,Lõhmussaar K,1
Brand A,Larsen HL,1
Brand A,Maimets M,1
Boye TL,Brand A,1
Brand A,Jez G,1
Brand A,Sato T,1
Brand A,Steenholdt C,1
Brand A,Rosenberger F,1
Brand A,Mund A,1
Brand A,Nielsen OH,1
Brand A,Jensen KB,1
Brand A,Mann M,1
Clement DL,Skov J,1
Clement DL,Lõhmussaar K,1
Clement DL,Larsen HL,1
Clement DL,Maimets M,1
Boye TL,Clement DL,1
Clement DL,Jez G,1
Clement DL,Sato T,1
Clement DL,Steenholdt C,1
Clement DL,Rosenberger F,1
Clement DL,Mund A,1
Clement DL,Nielsen OH,1
Clement DL,Jensen KB,1
Clement DL,Mann M,1
Lõhmussaar K,Skov J,1
Larsen HL,Skov J,1
Maimets M,Skov J,1
Boye TL,Skov J,1
Jez G,Skov J,1
Sato T,Skov J,1
Skov J,Steenholdt C,1
Rosenberger F,Skov J,1
Mund A,Skov J,1
Nielsen OH,Skov J,1
Jensen KB,Skov J,1
Mann M,Skov J,1
Larsen HL,Lõhmussaar K,1
Lõhmussaar K,Maimets M,1
Boye TL,Lõhmussaar K,1
Jez G,Lõhmussaar K,1
Lõhmussaar K,Sato T,1
Lõhmussaar K,Steenholdt C,1
Lõhmussaar K,Rosenberger F,1
Lõhmussaar K,Mund A,1
Lõhmussaar K,Nielsen OH,1
Jensen KB,Lõhmussaar K,1
Lõhmussaar K,Mann M,1
Larsen HL,Maimets M,1
Boye TL,Larsen HL,1
Jez G,Larsen HL,1
Larsen HL,Sato T,1
Larsen HL,Steenholdt C,1
Larsen HL,Rosenberger F,1
Larsen HL,Mund A,1
Larsen HL,Nielsen OH,1
Jensen KB,Larsen HL,1
Larsen HL,Mann M,1
Boye TL,Maimets M,1
Jez G,Maimets M,1
Maimets M,Sato T,1
Maimets M,Steenholdt C,1
Maimets M,Rosenberger F,1
Maimets M,Mund A,1
Maimets M,Nielsen OH,1
Jensen KB,Maimets M,1
Maimets M,Mann M,1
Boye TL,Jez G,1
Boye TL,Sato T,1
Boye TL,Steenholdt C,1
Boye TL,Rosenberger F,1
Boye TL,Mund A,1
Boye TL,Nielsen OH,1
Boye TL,Jensen KB,1
Boye TL,Mann M,1
Jez G,Sato T,1
Jez G,Steenholdt C,1
Jez G,Rosenberger F,1
Jez G,Mund A,2
Jez G,Nielsen OH,1
Jensen KB,Jez G,1
Jez G,Mann M,1
Sato T,Steenholdt C,1
Rosenberger F,Sato T,1
Mund A,Sato T,1
Nielsen OH,Sato T,1
Jensen KB,Sato T,1
Mann M,Sato T,1
Rosenberger F,Steenholdt C,1
Mund A,Steenholdt C,1
Nielsen OH,Steenholdt C,1
Jensen KB,Steenholdt C,1
Mann M,Steenholdt C,1
Mund A,Rosenberger F,1
Nielsen OH,Rosenberger F,1
Jensen KB,Rosenberger F,1
Mann M,Rosenberger F,1
Mund A,Nielsen OH,1
Jensen KB,Mund A,1
Jensen KB,Nielsen OH,1
Mann M,Nielsen OH,1
Jensen KB,Mann M,1
Sicklinger F,Wünnemann F,1
Bestak K,Wünnemann F,1
Nimo J,Wünnemann F,1
Thiemann T,Wünnemann F,1
Amrute JM,Wünnemann F,1
Nordbeck M,Wünnemann F,1
Hartmann N,Wünnemann F,1
Ibarra-Arellano MA,Wünnemann F,1
Tanevski J,Wünnemann F,1
Chazotte M,Wünnemann F,1
Heine C,Wünnemann F,1
Frey N,Wünnemann F,1
Lavine KJ,Wünnemann F,1
Coscia F,Wünnemann F,1
Saez-Rodriguez J,Wünnemann F,1
Leuschner F,Wünnemann F,1
Schapiro D,Wünnemann F,1
Bestak K,Sicklinger F,1
Nimo J,Sicklinger F,1
Sicklinger F,Thiemann T,1
Amrute JM,Sicklinger F,1
Nordbeck M,Sicklinger F,1
Hartmann N,Sicklinger F,1
Ibarra-Arellano MA,Sicklinger F,1
Sicklinger F,Tanevski J,1
Chazotte M,Sicklinger F,1
Heine C,Sicklinger F,1
Frey N,Sicklinger F,1
Lavine KJ,Sicklinger F,1
Coscia F,Sicklinger F,1
Saez-Rodriguez J,Sicklinger F,1
Leuschner F,Sicklinger F,1
Schapiro D,Sicklinger F,1
Bestak K,Nimo J,1
Bestak K,Thiemann T,1
Amrute JM,Bestak K,1
Bestak K,Nordbeck M,1
Bestak K,Hartmann N,1
Bestak K,Ibarra-Arellano MA,1
Bestak K,Tanevski J,1
Bestak K,Chazotte M,1
Bestak K,Heine C,1
Bestak K,Frey N,1
Bestak K,Lavine KJ,1
Bestak K,Coscia F,1
Bestak K,Saez-Rodriguez J,1
Bestak K,Leuschner F,1
Bestak K,Schapiro D,1
Nimo J,Thiemann T,1
Amrute JM,Nimo J,1
Nimo J,Nordbeck M,1
Hartmann N,Nimo J,1
Ibarra-Arellano MA,Nimo J,1
Nimo J,Tanevski J,1
Chazotte M,Nimo J,1
Heine C,Nimo J,1
Frey N,Nimo J,1
Lavine KJ,Nimo J,1
Nimo J,Saez-Rodriguez J,1
Leuschner F,Nimo J,1
Nimo J,Schapiro D,1
Amrute JM,Thiemann T,1
Nordbeck M,Thiemann T,1
Hartmann N,Thiemann T,1
Ibarra-Arellano MA,Thiemann T,1
Tanevski J,Thiemann T,1
Chazotte M,Thiemann T,1
Heine C,Thiemann T,1
Frey N,Thiemann T,1
Lavine KJ,Thiemann T,1
Coscia F,Thiemann T,1
Saez-Rodriguez J,Thiemann T,1
Leuschner F,Thiemann T,1
Schapiro D,Thiemann T,1
Amrute JM,Nordbeck M,1
Amrute JM,Hartmann N,1
Amrute JM,Ibarra-Arellano MA,1
Amrute JM,Tanevski J,1
Amrute JM,Chazotte M,1
Amrute JM,Heine C,1
Amrute JM,Frey N,1
Amrute JM,Lavine KJ,1
Amrute JM,Coscia F,1
Amrute JM,Saez-Rodriguez J,1
Amrute JM,Leuschner F,1
Amrute JM,Schapiro D,1
Hartmann N,Nordbeck M,1
Ibarra-Arellano MA,Nordbeck M,1
Nordbeck M,Tanevski J,1
Chazotte M,Nordbeck M,1
Heine C,Nordbeck M,1
Frey N,Nordbeck M,1
Lavine KJ,Nordbeck M,1
Coscia F,Nordbeck M,1
Nordbeck M,Saez-Rodriguez J,1
Leuschner F,Nordbeck M,1
Nordbeck M,Schapiro D,1
Hartmann N,Ibarra-Arellano MA,1
Hartmann N,Tanevski J,1
Chazotte M,Hartmann N,1
Hartmann N,Heine C,1
Frey N,Hartmann N,1
Hartmann N,Lavine KJ,1
Coscia F,Hartmann N,1
Hartmann N,Saez-Rodriguez J,1
Hartmann N,Leuschner F,1
Hartmann N,Schapiro D,1
Ibarra-Arellano MA,Tanevski J,1
Chazotte M,Ibarra-Arellano MA,1
Heine C,Ibarra-Arellano MA,1
Frey N,Ibarra-Arellano MA,1
Ibarra-Arellano MA,Lavine KJ,1
Coscia F,Ibarra-Arellano MA,1
Ibarra-Arellano MA,Saez-Rodriguez J,1
Ibarra-Arellano MA,Leuschner F,1
Ibarra-Arellano MA,Schapiro D,1
Chazotte M,Tanevski J,1
Heine C,Tanevski J,1
Frey N,Tanevski J,1
Lavine KJ,Tanevski J,1
Coscia F,Tanevski J,1
Saez-Rodriguez J,Tanevski J,1
Leuschner F,Tanevski J,1
Schapiro D,Tanevski J,1
Chazotte M,Heine C,1
Chazotte M,Frey N,1
Chazotte M,Lavine KJ,1
Chazotte M,Coscia F,1
Chazotte M,Saez-Rodriguez J,1
Chazotte M,Leuschner F,1
Chazotte M,Schapiro D,1
Frey N,Heine C,1
Heine C,Lavine KJ,1
Coscia F,Heine C,1
Heine C,Saez-Rodriguez J,1
Heine C,Leuschner F,1
Heine C,Schapiro D,1
Frey N,Lavine KJ,1
Coscia F,Frey N,1
Frey N,Saez-Rodriguez J,1
Frey N,Leuschner F,1
Frey N,Schapiro D,1
Coscia F,Lavine KJ,1
Lavine KJ,Saez-Rodriguez J,1
Lavine KJ,Leuschner F,1
Lavine KJ,Schapiro D,1
Coscia F,Saez-Rodriguez J,1
Coscia F,Leuschner F,1
Coscia F,Schapiro D,1
Leuschner F,Saez-Rodriguez J,1
Saez-Rodriguez J,Schapiro D,1
Leuschner F,Schapiro D,1
Dragomir MP,Makhmut A,1
Makhmut A,Moebs M,1
Makhmut A,Schmitt WD,1
Makhmut A,Taube ET,1
Dragomir MP,Fritzsche S,1
Dragomir MP,Moebs M,1
Dragomir MP,Schmitt WD,1
Dragomir MP,Taube ET,1
Coscia F,Dragomir MP,1
Fritzsche S,Moebs M,1
Fritzsche S,Schmitt WD,1
Fritzsche S,Taube ET,1
Moebs M,Schmitt WD,1
Moebs M,Taube ET,1
Coscia F,Moebs M,1
Schmitt WD,Taube ET,1
Coscia F,Schmitt WD,1
Coscia F,Taube ET,1
Klingeberg M,Krisp C,1
Fritzsche S,Klingeberg M,2
Klingeberg M,Schallenberg S,2
Hornburg D,Klingeberg M,1
Coscia F,Klingeberg M,2
Fritzsche S,Krisp C,1
Krisp C,Schallenberg S,1
Hornburg D,Krisp C,1
Coscia F,Krisp C,1
Fritzsche S,Schallenberg S,2
Fritzsche S,Hornburg D,1
Hornburg D,Schallenberg S,1
Coscia F,Schallenberg S,2
Coscia F,Hornburg D,1
Gasparello T,Pearson M,1
Gasparello T,von Kriegsheim A,1
Pearson M,von Kriegsheim A,1
Wang Y,Wu Y,1
Wang Y,Zhang F,1
Periasamy P,Wang Y,1
Wang Y,You H,1
Goh D,Wang Y,1
Fincham REA,Wang Y,1
Ning X,Wang Y,1
Wang Y,Wu D,1
Liu L,Wang Y,1
Jiang Y,Wang Y,1
Qian Z,Wang Y,1
Wang Y,Yeong J,1
Wang Y,Zhang Y,1
Wu Y,Zhang F,1
Periasamy P,Wu Y,1
Wu Y,You H,1
Goh D,Wu Y,1
Fincham REA,Wu Y,1
Ning X,Wu Y,1
Wu D,Wu Y,1
Liu L,Wu Y,1
Jiang Y,Wu Y,1
Qian Z,Wu Y,1
Wu Y,Yeong J,1
Wu Y,Zhang Y,1
Periasamy P,Zhang F,1
You H,Zhang F,1
Goh D,Zhang F,1
Fincham REA,Zhang F,1
Ning X,Zhang F,1
Wu D,Zhang F,1
Liu L,Zhang F,1
Jiang Y,Zhang F,1
Qian Z,Zhang F,1
Yeong J,Zhang F,1
Zhang F,Zhang Y,1
Periasamy P,You H,1
Goh D,Periasamy P,1
Fincham REA,Periasamy P,1
Ning X,Periasamy P,1
Periasamy P,Wu D,1
Liu L,Periasamy P,1
Jiang Y,Periasamy P,1
Periasamy P,Qian Z,1
Periasamy P,Yeong J,1
Periasamy P,Zhang Y,1
Goh D,You H,1
Fincham REA,You H,1
Ning X,You H,1
Wu D,You H,1
Liu L,You H,1
Jiang Y,You H,1
Qian Z,You H,1
Yeong J,You H,1
You H,Zhang Y,1
Fincham REA,Goh D,1
Goh D,Ning X,1
Goh D,Wu D,1
Goh D,Liu L,1
Goh D,Jiang Y,1
Goh D,Qian Z,1
Goh D,Yeong J,1
Goh D,Zhang Y,1
Fincham REA,Ning X,1
Fincham REA,Wu D,1
Fincham REA,Liu L,1
Fincham REA,Jiang Y,1
Fincham REA,Qian Z,1
Fincham REA,Yeong J,1
Fincham REA,Zhang Y,1
Ning X,Wu D,1
Liu L,Ning X,1
Jiang Y,Ning X,1
Ning X,Qian Z,1
Ning X,Yeong J,1
Ning X,Zhang Y,1
Liu L,Wu D,1
Jiang Y,Wu D,1
Qian Z,Wu D,1
Wu D,Yeong J,1
Wu D,Zhang Y,1
Jiang Y,Liu L,1
Liu L,Qian Z,1
Liu L,Yeong J,1
Liu L,Zhang Y,1
Jiang Y,Qian Z,1
Jiang Y,Yeong J,1
Jiang Y,Zhang Y,1
Qian Z,Yeong J,1
Qian Z,Zhang Y,1
Yeong J,Zhang Y,1
Brown LA,Weiss CAM,1
Miranda L,Weiss CAM,1
Pellizzoni P,Weiss CAM,1
Remmert K,Weiss CAM,1
Hernandez JM,Weiss CAM,1
Borgwardt K,Weiss CAM,1
Kleiner DE,Weiss CAM,1
Ben-Moshe S,Weiss CAM,2
Porat-Shliom N,Weiss CAM,1
Brown LA,Miranda L,1
Brown LA,Pellizzoni P,1
Brown LA,Steigerwald S,1
Brown LA,Remmert K,1
Brown LA,Hernandez JM,1
Borgwardt K,Brown LA,1
Brown LA,Kleiner DE,1
Ben-Moshe S,Brown LA,1
Brown LA,Rosenberger FA,1
Brown LA,Porat-Shliom N,1
Brown LA,Mann M,1
Miranda L,Pellizzoni P,1
Miranda L,Steigerwald S,1
Miranda L,Remmert K,1
Hernandez JM,Miranda L,1
Borgwardt K,Miranda L,1
Kleiner DE,Miranda L,1
Ben-Moshe S,Miranda L,1
Miranda L,Rosenberger FA,1
Miranda L,Porat-Shliom N,1
Mann M,Miranda L,1
Pellizzoni P,Steigerwald S,1
Pellizzoni P,Remmert K,1
Hernandez JM,Pellizzoni P,1
Borgwardt K,Pellizzoni P,1
Kleiner DE,Pellizzoni P,1
Ben-Moshe S,Pellizzoni P,1
Pellizzoni P,Rosenberger FA,1
Pellizzoni P,Porat-Shliom N,1
Mann M,Pellizzoni P,1
Remmert K,Steigerwald S,1
Hernandez JM,Steigerwald S,1
Borgwardt K,Steigerwald S,1
Kleiner DE,Steigerwald S,1
Ben-Moshe S,Steigerwald S,1
Porat-Shliom N,Steigerwald S,1
Hernandez JM,Remmert K,1
Borgwardt K,Remmert K,1
Kleiner DE,Remmert K,1
Ben-Moshe S,Remmert K,1
Remmert K,Rosenberger FA,1
Porat-Shliom N,Remmert K,1
Mann M,Remmert K,1
Borgwardt K,Hernandez JM,1
Hernandez JM,Kleiner DE,1
Ben-Moshe S,Hernandez JM,1
Hernandez JM,Rosenberger FA,1
Hernandez JM,Porat-Shliom N,1
Hernandez JM,Mann M,1
Borgwardt K,Kleiner DE,1
Ben-Moshe S,Borgwardt K,1
Borgwardt K,Rosenberger FA,1
Borgwardt K,Porat-Shliom N,1
Borgwardt K,Mann M,1
Ben-Moshe S,Kleiner DE,1
Kleiner DE,Rosenberger FA,1
Kleiner DE,Porat-Shliom N,1
Kleiner DE,Mann M,1
Ben-Moshe S,Rosenberger FA,2
Ben-Moshe S,Porat-Shliom N,1
Ben-Moshe S,Mann M,2
Porat-Shliom N,Rosenberger FA,1
Mann M,Porat-Shliom N,1
Chakrabarti S,Makhmut A,1
Chakrabarti S,Mohammadi A,1
Chakrabarti S,Luo W,1
Chakrabarti S,Wang L,1
Chakrabarti S,Lewin GR,1
Chakrabarti S,Coscia F,1
Makhmut A,Mohammadi A,1
Luo W,Makhmut A,1
Makhmut A,Wang L,1
Lewin GR,Makhmut A,1
Luo W,Mohammadi A,1
Mohammadi A,Wang L,1
Lewin GR,Mohammadi A,1
Coscia F,Mohammadi A,1
Luo W,Wang L,1
Lewin GR,Luo W,1
Coscia F,Luo W,1
Lewin GR,Wang L,1
Coscia F,Wang L,1
Coscia F,Lewin GR,1
Min J,Schweizer L,1
Min J,Zonderland G,1
Min J,Selvanesan BC,1
Min J,Thomsen JH,1
Min J,Oldenburg L,1
Bae SW,Min J,1
Kim B,Min J,1
Hernández SD,Min J,1
Jez G,Min J,1
Bernard V,Min J,1
Min J,Swanson BJ,1
Klute KA,Min J,1
Min J,Wang H,1
Caffrey TC,Min J,1
Grandgenett PM,Min J,1
Hollingsworth MA,Min J,1
Min J,Ummat I,1
Min J,Strauss MT,1
Min J,Mund A,1
Maitra A,Min J,1
Schweizer L,Zonderland G,1
Schweizer L,Selvanesan BC,1
Schweizer L,Thomsen JH,1
Oldenburg L,Schweizer L,1
Bae SW,Schweizer L,1
Kim B,Schweizer L,1
Hernández SD,Schweizer L,1
Jez G,Schweizer L,1
Bernard V,Schweizer L,1
Schweizer L,Swanson BJ,1
Klute KA,Schweizer L,1
Schweizer L,Wang H,1
Caffrey TC,Schweizer L,1
Grandgenett PM,Schweizer L,1
Hollingsworth MA,Schweizer L,1
Schweizer L,Ummat I,1
Maitra A,Schweizer L,1
Selvanesan BC,Zonderland G,1
Thomsen JH,Zonderland G,1
Oldenburg L,Zonderland G,1
Bae SW,Zonderland G,1
Kim B,Zonderland G,1
Hernández SD,Zonderland G,1
Jez G,Zonderland G,1
Bernard V,Zonderland G,1
Swanson BJ,Zonderland G,1
Klute KA,Zonderland G,1
Wang H,Zonderland G,1
Caffrey TC,Zonderland G,1
Grandgenett PM,Zonderland G,1
Hollingsworth MA,Zonderland G,1
Ummat I,Zonderland G,1
Strauss MT,Zonderland G,1
Mund A,Zonderland G,1
Maitra A,Zonderland G,1
Selvanesan BC,Thomsen JH,1
Oldenburg L,Selvanesan BC,1
Bae SW,Selvanesan BC,1
Kim B,Selvanesan BC,1
Hernández SD,Selvanesan BC,1
Jez G,Selvanesan BC,1
Bernard V,Selvanesan BC,1
Selvanesan BC,Swanson BJ,1
Klute KA,Selvanesan BC,1
Selvanesan BC,Wang H,1
Caffrey TC,Selvanesan BC,1
Grandgenett PM,Selvanesan BC,1
Hollingsworth MA,Selvanesan BC,1
Selvanesan BC,Ummat I,1
Selvanesan BC,Strauss MT,1
Mund A,Selvanesan BC,1
Maitra A,Selvanesan BC,1
Oldenburg L,Thomsen JH,1
Bae SW,Thomsen JH,1
Kim B,Thomsen JH,1
Hernández SD,Thomsen JH,1
Jez G,Thomsen JH,1
Bernard V,Thomsen JH,1
Swanson BJ,Thomsen JH,1
Klute KA,Thomsen JH,1
Thomsen JH,Wang H,1
Caffrey TC,Thomsen JH,1
Grandgenett PM,Thomsen JH,1
Hollingsworth MA,Thomsen JH,1
Thomsen JH,Ummat I,1
Strauss MT,Thomsen JH,1
Mund A,Thomsen JH,1
Maitra A,Thomsen JH,1
Bae SW,Oldenburg L,1
Kim B,Oldenburg L,1
Hernández SD,Oldenburg L,1
Jez G,Oldenburg L,1
Bernard V,Oldenburg L,1
Oldenburg L,Swanson BJ,1
Klute KA,Oldenburg L,1
Oldenburg L,Wang H,1
Caffrey TC,Oldenburg L,1
Grandgenett PM,Oldenburg L,1
Hollingsworth MA,Oldenburg L,1
Oldenburg L,Ummat I,1
Oldenburg L,Strauss MT,1
Mund A,Oldenburg L,1
Maitra A,Oldenburg L,1
Bae SW,Kim B,1
Bae SW,Hernández SD,1
Bae SW,Jez G,1
Bae SW,Bernard V,1
Bae SW,Swanson BJ,1
Bae SW,Klute KA,1
Bae SW,Wang H,1
Bae SW,Caffrey TC,1
Bae SW,Grandgenett PM,1
Bae SW,Hollingsworth MA,1
Bae SW,Ummat I,1
Bae SW,Strauss MT,1
Bae SW,Mund A,1
Bae SW,Maitra A,1
Hernández SD,Kim B,1
Jez G,Kim B,1
Bernard V,Kim B,1
Kim B,Swanson BJ,1
Kim B,Klute KA,1
Kim B,Wang H,1
Caffrey TC,Kim B,1
Grandgenett PM,Kim B,1
Hollingsworth MA,Kim B,1
Kim B,Ummat I,1
Kim B,Strauss MT,1
Kim B,Mund A,1
Kim B,Maitra A,1
Hernández SD,Jez G,1
Bernard V,Hernández SD,1
Hernández SD,Swanson BJ,1
Hernández SD,Klute KA,1
Hernández SD,Wang H,1
Caffrey TC,Hernández SD,1
Grandgenett PM,Hernández SD,1
Hernández SD,Hollingsworth MA,1
Hernández SD,Ummat I,1
Hernández SD,Strauss MT,1
Hernández SD,Mund A,1
Hernández SD,Maitra A,1
Bernard V,Jez G,1
Jez G,Swanson BJ,1
Jez G,Klute KA,1
Jez G,Wang H,1
Caffrey TC,Jez G,1
Grandgenett PM,Jez G,1
Hollingsworth MA,Jez G,1
Jez G,Ummat I,1
Jez G,Strauss MT,1
Jez G,Maitra A,1
Bernard V,Swanson BJ,1
Bernard V,Klute KA,1
Bernard V,Wang H,1
Bernard V,Caffrey TC,1
Bernard V,Grandgenett PM,1
Bernard V,Hollingsworth MA,1
Bernard V,Ummat I,1
Bernard V,Strauss MT,1
Bernard V,Mund A,1
Bernard V,Maitra A,1
Klute KA,Swanson BJ,1
Swanson BJ,Wang H,1
Caffrey TC,Swanson BJ,1
Grandgenett PM,Swanson BJ,1
Hollingsworth MA,Swanson BJ,1
Swanson BJ,Ummat I,1
Strauss MT,Swanson BJ,1
Mund A,Swanson BJ,1
Maitra A,Swanson BJ,1
Klute KA,Wang H,1
Caffrey TC,Klute KA,1
Grandgenett PM,Klute KA,1
Hollingsworth MA,Klute KA,1
Klute KA,Ummat I,1
Klute KA,Strauss MT,1
Klute KA,Mund A,1
Klute KA,Maitra A,1
Caffrey TC,Wang H,1
Grandgenett PM,Wang H,1
Hollingsworth MA,Wang H,1
Ummat I,Wang H,1
Strauss MT,Wang H,1
Mund A,Wang H,1
Maitra A,Wang H,1
Caffrey TC,Grandgenett PM,1
Caffrey TC,Hollingsworth MA,1
Caffrey TC,Ummat I,1
Caffrey TC,Strauss MT,1
Caffrey TC,Mund A,1
Caffrey TC,Maitra A,1
Grandgenett PM,Hollingsworth MA,1
Grandgenett PM,Ummat I,1
Grandgenett PM,Strauss MT,1
Grandgenett PM,Mund A,1
Grandgenett PM,Maitra A,1
Hollingsworth MA,Ummat I,1
Hollingsworth MA,Strauss MT,1
Hollingsworth MA,Mund A,1
Hollingsworth MA,Maitra A,1
Strauss MT,Ummat I,1
Mund A,Ummat I,1
Maitra A,Ummat I,1
Maitra A,Strauss MT,1
Maitra A,Mund A,1
Fan R,Yang M,1
Schoffer K,Shen C,1
Shen C,Williams C,1
Shen C,Tanzer MC,1
Schoffer K,Williams C,1
Schoffer K,Tanzer MC,1
Tanzer MC,Williams C,1
Novak A,Siemes D,1
Siemes D,Thiebes S,1
Siemes D,Widera L,1
Siemes D,Tautges S,1
Siemes D,Voss H,1
Borgards L,Siemes D,1
Habermann D,Siemes D,1
Chen J,Siemes D,1
Shevchuk O,Siemes D,1
Engel DR,Siemes D,1
Novak A,Thiebes S,1
Novak A,Widera L,1
Novak A,Tautges S,1
Novak A,Voss H,1
Borgards L,Novak A,1
Habermann D,Novak A,1
Chen J,Novak A,1
Novak A,Shevchuk O,1
Engel DR,Novak A,1
Thiebes S,Widera L,1
Tautges S,Thiebes S,1
Thiebes S,Voss H,1
Borgards L,Thiebes S,1
Habermann D,Thiebes S,1
Chen J,Thiebes S,1
Shevchuk O,Thiebes S,1
Engel DR,Thiebes S,1
Tautges S,Widera L,1
Voss H,Widera L,1
Borgards L,Widera L,1
Habermann D,Widera L,1
Chen J,Widera L,1
Shevchuk O,Widera L,1
Engel DR,Widera L,1
Tautges S,Voss H,1
Borgards L,Tautges S,1
Habermann D,Tautges S,1
Chen J,Tautges S,1
Shevchuk O,Tautges S,1
Engel DR,Tautges S,1
Borgards L,Voss H,1
Habermann D,Voss H,1
Chen J,Voss H,1
Shevchuk O,Voss H,1
Engel DR,Voss H,1
Borgards L,Habermann D,1
Borgards L,Chen J,1
Borgards L,Shevchuk O,1
Borgards L,Engel DR,1
Chen J,Habermann D,1
Habermann D,Shevchuk O,1
Engel DR,Habermann D,1
Chen J,Shevchuk O,1
Chen J,Engel DR,1
Engel DR,Shevchuk O,1
Miczán V,Migh E,1
Migh E,Post F,1
Koos K,Migh E,1
Beleon A,Migh E,1
Kokai D,Migh E,1
Iván ZZ,Migh E,1
Grexa I,Migh E,1
Migh E,Moshkov N,1
Csikos D,Migh E,1
Hapek N,Migh E,1
Kaptás F,Migh E,1
Kovacs F,Migh E,1
Mahdessian D,Migh E,1
Axelsson U,Migh E,1
Migh E,Pal C,1
Manczinger M,Migh E,1
Miczán V,Post F,1
Koos K,Miczán V,1
Beleon A,Miczán V,1
Kokai D,Miczán V,1
Iván ZZ,Miczán V,1
Grexa I,Miczán V,1
Miczán V,Moshkov N,1
Hollandi R,Miczán V,1
Csikos D,Miczán V,1
Hapek N,Miczán V,1
Kaptás F,Miczán V,1
Kovacs F,Miczán V,1
Kriston A,Miczán V,1
Mahdessian D,Miczán V,1
Axelsson U,Miczán V,1
Miczán V,Pal C,1
Lundberg E,Miczán V,1
Manczinger M,Miczán V,1
Miczán V,Mund A,1
Mann M,Miczán V,1
Horvath P,Miczán V,1
Koos K,Post F,1
Beleon A,Post F,1
Kokai D,Post F,1
Iván ZZ,Post F,1
Grexa I,Post F,1
Moshkov N,Post F,1
Hollandi R,Post F,1
Csikos D,Post F,1
Hapek N,Post F,1
Kaptás F,Post F,1
Kovacs F,Post F,1
Kriston A,Post F,1
Mahdessian D,Post F,1
Axelsson U,Post F,1
Pal C,Post F,1
Lundberg E,Post F,1
Manczinger M,Post F,1
Horvath P,Post F,1
Beleon A,Koos K,1
Kokai D,Koos K,1
Iván ZZ,Koos K,1
Grexa I,Koos K,1
Koos K,Moshkov N,1
Hollandi R,Koos K,1
Csikos D,Koos K,1
Hapek N,Koos K,1
Kaptás F,Koos K,1
Koos K,Kovacs F,1
Koos K,Kriston A,1
Koos K,Mahdessian D,1
Axelsson U,Koos K,1
Koos K,Pal C,1
Koos K,Lundberg E,1
Koos K,Manczinger M,1
Koos K,Mund A,1
Koos K,Mann M,1
Horvath P,Koos K,1
Beleon A,Kokai D,1
Beleon A,Iván ZZ,1
Beleon A,Grexa I,1
Beleon A,Moshkov N,1
Beleon A,Hollandi R,1
Beleon A,Csikos D,1
Beleon A,Hapek N,1
Beleon A,Kaptás F,1
Beleon A,Kovacs F,1
Beleon A,Kriston A,1
Beleon A,Mahdessian D,1
Axelsson U,Beleon A,1
Beleon A,Pal C,1
Beleon A,Lundberg E,1
Beleon A,Manczinger M,1
Beleon A,Mund A,1
Beleon A,Mann M,1
Beleon A,Horvath P,1
Iván ZZ,Kokai D,1
Grexa I,Kokai D,1
Kokai D,Moshkov N,1
Hollandi R,Kokai D,1
Csikos D,Kokai D,1
Hapek N,Kokai D,1
Kaptás F,Kokai D,1
Kokai D,Kovacs F,1
Kokai D,Kriston A,1
Kokai D,Mahdessian D,1
Axelsson U,Kokai D,1
Kokai D,Pal C,1
Kokai D,Lundberg E,1
Kokai D,Manczinger M,1
Kokai D,Mund A,1
Kokai D,Mann M,1
Horvath P,Kokai D,1
Grexa I,Iván ZZ,1
Iván ZZ,Moshkov N,1
Hollandi R,Iván ZZ,1
Csikos D,Iván ZZ,1
Hapek N,Iván ZZ,1
Iván ZZ,Kaptás F,1
Iván ZZ,Kovacs F,1
Iván ZZ,Kriston A,1
Iván ZZ,Mahdessian D,1
Axelsson U,Iván ZZ,1
Iván ZZ,Pal C,1
Iván ZZ,Lundberg E,1
Iván ZZ,Manczinger M,1
Iván ZZ,Mund A,1
Iván ZZ,Mann M,1
Horvath P,Iván ZZ,1
Grexa I,Moshkov N,1
Grexa I,Hollandi R,1
Csikos D,Grexa I,1
Grexa I,Hapek N,1
Grexa I,Kaptás F,1
Grexa I,Kovacs F,1
Grexa I,Kriston A,1
Grexa I,Mahdessian D,1
Axelsson U,Grexa I,1
Grexa I,Pal C,1
Grexa I,Lundberg E,1
Grexa I,Manczinger M,1
Grexa I,Mund A,1
Grexa I,Mann M,1
Grexa I,Horvath P,1
Hollandi R,Moshkov N,1
Csikos D,Moshkov N,1
Hapek N,Moshkov N,1
Kaptás F,Moshkov N,1
Kovacs F,Moshkov N,1
Kriston A,Moshkov N,1
Mahdessian D,Moshkov N,1
Axelsson U,Moshkov N,1
Moshkov N,Pal C,1
Lundberg E,Moshkov N,1
Manczinger M,Moshkov N,1
Moshkov N,Mund A,1
Mann M,Moshkov N,1
Horvath P,Moshkov N,1
Csikos D,Hollandi R,1
Hapek N,Hollandi R,1
Hollandi R,Kaptás F,1
Hollandi R,Kovacs F,1
Hollandi R,Mahdessian D,1
Axelsson U,Hollandi R,1
Hollandi R,Pal C,1
Hollandi R,Manczinger M,1
Csikos D,Hapek N,1
Csikos D,Kaptás F,1
Csikos D,Kovacs F,1
Csikos D,Kriston A,1
Csikos D,Mahdessian D,1
Axelsson U,Csikos D,1
Csikos D,Pal C,1
Csikos D,Lundberg E,1
Csikos D,Manczinger M,1
Csikos D,Mund A,1
Csikos D,Mann M,1
Csikos D,Horvath P,1
Hapek N,Kaptás F,1
Hapek N,Kovacs F,1
Hapek N,Kriston A,1
Hapek N,Mahdessian D,1
Axelsson U,Hapek N,1
Hapek N,Pal C,1
Hapek N,Lundberg E,1
Hapek N,Manczinger M,1
Hapek N,Mund A,1
Hapek N,Mann M,1
Hapek N,Horvath P,1
Kaptás F,Kovacs F,1
Kaptás F,Kriston A,1
Kaptás F,Mahdessian D,1
Axelsson U,Kaptás F,1
Kaptás F,Pal C,1
Kaptás F,Lundberg E,1
Kaptás F,Manczinger M,1
Kaptás F,Mund A,1
Kaptás F,Mann M,1
Horvath P,Kaptás F,1
Kovacs F,Kriston A,1
Kovacs F,Mahdessian D,1
Axelsson U,Kovacs F,1
Kovacs F,Pal C,1
Kovacs F,Lundberg E,2
Kovacs F,Manczinger M,1
Kovacs F,Mund A,1
Kovacs F,Mann M,2
Horvath P,Kovacs F,2
Kriston A,Mahdessian D,1
Axelsson U,Kriston A,1
Kriston A,Pal C,1
Kriston A,Manczinger M,1
Axelsson U,Mahdessian D,1
Mahdessian D,Pal C,1
Lundberg E,Mahdessian D,1
Mahdessian D,Manczinger M,1
Mahdessian D,Mund A,1
Mahdessian D,Mann M,1
Horvath P,Mahdessian D,1
Axelsson U,Pal C,1
Axelsson U,Lundberg E,1
Axelsson U,Manczinger M,1
Axelsson U,Mund A,1
Axelsson U,Mann M,1
Axelsson U,Horvath P,1
Lundberg E,Pal C,1
Manczinger M,Pal C,1
Mund A,Pal C,1
Mann M,Pal C,1
Horvath P,Pal C,1
Lundberg E,Manczinger M,1
Manczinger M,Mund A,1
Manczinger M,Mann M,1
Horvath P,Manczinger M,1
Dorka N,Mardamshina M,1
Mardamshina M,Thielert M,1
Björklund F,Mardamshina M,1
Mardamshina M,Navarro FB,1
Casals AM,Mardamshina M,1
Kovacs F,Mardamshina M,1
Manning Fox JE,Mardamshina M,1
Horvath P,Mardamshina M,1
MacDonald PE,Mardamshina M,1
Mann M,Mardamshina M,1
Lundberg E,Mardamshina M,1
Dorka N,Thielert M,1
Björklund F,Dorka N,1
Dorka N,Navarro FB,1
Casals AM,Dorka N,1
Dorka N,Kovacs F,1
Dorka N,Manning Fox JE,1
Dorka N,Horvath P,1
Dorka N,MacDonald PE,1
Dorka N,Mann M,1
Dorka N,Lundberg E,1
Björklund F,Thielert M,1
Navarro FB,Thielert M,1
Casals AM,Thielert M,1
Kovacs F,Thielert M,1
Manning Fox JE,Thielert M,1
Horvath P,Thielert M,1
MacDonald PE,Thielert M,1
Lundberg E,Thielert M,1
Björklund F,Navarro FB,1
Björklund F,Casals AM,1
Björklund F,Kovacs F,1
Björklund F,Manning Fox JE,1
Björklund F,Horvath P,1
Björklund F,MacDonald PE,1
Björklund F,Mann M,1
Björklund F,Lundberg E,1
Casals AM,Navarro FB,1
Kovacs F,Navarro FB,1
Manning Fox JE,Navarro FB,1
Horvath P,Navarro FB,1
MacDonald PE,Navarro FB,1
Mann M,Navarro FB,1
Lundberg E,Navarro FB,1
Casals AM,Kovacs F,1
Casals AM,Manning Fox JE,1
Casals AM,Horvath P,1
Casals AM,MacDonald PE,1
Casals AM,Mann M,1
Casals AM,Lundberg E,1
Kovacs F,Manning Fox JE,1
Kovacs F,MacDonald PE,1
Horvath P,Manning Fox JE,1
MacDonald PE,Manning Fox JE,1
Mann M,Manning Fox JE,1
Lundberg E,Manning Fox JE,1
Horvath P,MacDonald PE,1
MacDonald PE,Mann M,1
Lundberg E,MacDonald PE,1
Heymann T,Oliinyk D,2
Henneberg L,Oliinyk D,1
Bardziukova A,Oliinyk D,1
Oliinyk D,Thielert M,1
Kjærgaard J,Oliinyk D,1
Oliinyk D,Zwiebel M,1
Oliinyk D,Vasconez S,1
Oeller M,Oliinyk D,2
Metousis A,Oliinyk D,2
Oliinyk D,Ugur E,1
Oliinyk D,Rodriguez EH,1
Oliinyk D,Rosenberger FA,2
Oliinyk D,Schallenberg S,1
Klauschen F,Oliinyk D,1
Mann M,Oliinyk D,2
Henneberg L,Heymann T,1
Bardziukova A,Heymann T,1
Heymann T,Thielert M,1
Heymann T,Kjærgaard J,1
Heymann T,Zwiebel M,1
Heymann T,Vasconez S,1
Heymann T,Oeller M,2
Heymann T,Metousis A,3
Heymann T,Ugur E,1
Heymann T,Rodriguez EH,1
Heymann T,Rosenberger FA,2
Heymann T,Schallenberg S,1
Heymann T,Klauschen F,1
Heymann T,Mann M,3
Bardziukova A,Henneberg L,1
Henneberg L,Thielert M,1
Henneberg L,Kjærgaard J,1
Henneberg L,Zwiebel M,1
Henneberg L,Vasconez S,1
Henneberg L,Oeller M,1
Henneberg L,Metousis A,1
Henneberg L,Ugur E,1
Henneberg L,Rodriguez EH,1
Henneberg L,Rosenberger FA,1
Henneberg L,Schallenberg S,1
Henneberg L,Klauschen F,1
Henneberg L,Mann M,1
Bardziukova A,Thielert M,1
Bardziukova A,Kjærgaard J,1
Bardziukova A,Zwiebel M,1
Bardziukova A,Vasconez S,1
Bardziukova A,Oeller M,1
Bardziukova A,Metousis A,1
Bardziukova A,Ugur E,1
Bardziukova A,Rodriguez EH,1
Bardziukova A,Rosenberger FA,1
Bardziukova A,Schallenberg S,1
Bardziukova A,Klauschen F,1
Bardziukova A,Mann M,1
Kjærgaard J,Thielert M,1
Thielert M,Vasconez S,1
Oeller M,Thielert M,1
Thielert M,Ugur E,1
Schallenberg S,Thielert M,1
Klauschen F,Thielert M,1
Kjærgaard J,Zwiebel M,1
Kjærgaard J,Vasconez S,1
Kjærgaard J,Oeller M,1
Kjærgaard J,Metousis A,1
Kjærgaard J,Ugur E,1
Kjærgaard J,Rodriguez EH,1
Kjærgaard J,Rosenberger FA,1
Kjærgaard J,Schallenberg S,1
Kjærgaard J,Klauschen F,1
Kjærgaard J,Mann M,1
Vasconez S,Zwiebel M,1
Ugur E,Zwiebel M,1
Schallenberg S,Zwiebel M,1
Klauschen F,Zwiebel M,1
Oeller M,Vasconez S,1
Metousis A,Vasconez S,1
Ugur E,Vasconez S,1
Rodriguez EH,Vasconez S,1
Rosenberger FA,Vasconez S,1
Schallenberg S,Vasconez S,1
Klauschen F,Vasconez S,1
Mann M,Vasconez S,1
Oeller M,Ugur E,1
Oeller M,Rodriguez EH,1
Oeller M,Schallenberg S,1
Klauschen F,Oeller M,1
Metousis A,Ugur E,1
Metousis A,Schallenberg S,1
Klauschen F,Metousis A,1
Rodriguez EH,Ugur E,1
Rosenberger FA,Ugur E,1
Schallenberg S,Ugur E,1
Klauschen F,Ugur E,1
Mann M,Ugur E,1
Rodriguez EH,Schallenberg S,1
Klauschen F,Rodriguez EH,1
Rosenberger FA,Schallenberg S,1
Klauschen F,Rosenberger FA,1
Klauschen F,Schallenberg S,2
Mann M,Schallenberg S,1
Klauschen F,Mann M,1
Nimo J,Valdes DS,2
Nonn O,Valdes DS,1
Ulrich J,Valdes DS,1
Forstner D,Valdes DS,1
Haider S,Valdes DS,1
Ressler M,Valdes DS,1
Pignitter M,Valdes DS,1
Müller DN,Valdes DS,1
Dechend R,Valdes DS,1
Gauster M,Valdes DS,1
Coscia F,Valdes DS,2
Herse F,Valdes DS,2
Nimo J,Nonn O,1
Nimo J,Ulrich J,1
Forstner D,Nimo J,1
Haider S,Nimo J,1
Nimo J,Ressler M,1
Nimo J,Pignitter M,1
Müller DN,Nimo J,1
Dechend R,Nimo J,1
Gauster M,Nimo J,1
Herse F,Nimo J,2
Nonn O,Ulrich J,1
Forstner D,Nonn O,1
Haider S,Nonn O,1
Nonn O,Ressler M,1
Nonn O,Pignitter M,1
Müller DN,Nonn O,1
Dechend R,Nonn O,1
Gauster M,Nonn O,1
Coscia F,Nonn O,1
Herse F,Nonn O,1
Forstner D,Ulrich J,1
Haider S,Ulrich J,1
Ressler M,Ulrich J,1
Pignitter M,Ulrich J,1
Müller DN,Ulrich J,1
Dechend R,Ulrich J,1
Gauster M,Ulrich J,1
Coscia F,Ulrich J,1
Herse F,Ulrich J,1
Forstner D,Haider S,1
Forstner D,Ressler M,1
Forstner D,Pignitter M,1
Forstner D,Müller DN,1
Dechend R,Forstner D,1
Forstner D,Gauster M,1
Coscia F,Forstner D,1
Forstner D,Herse F,1
Haider S,Ressler M,1
Haider S,Pignitter M,1
Haider S,Müller DN,1
Dechend R,Haider S,1
Gauster M,Haider S,1
Coscia F,Haider S,1
Haider S,Herse F,1
Pignitter M,Ressler M,1
Müller DN,Ressler M,1
Dechend R,Ressler M,1
Gauster M,Ressler M,1
Coscia F,Ressler M,1
Herse F,Ressler M,1
Müller DN,Pignitter M,1
Dechend R,Pignitter M,1
Gauster M,Pignitter M,1
Coscia F,Pignitter M,1
Herse F,Pignitter M,1
Dechend R,Müller DN,1
Gauster M,Müller DN,1
Coscia F,Müller DN,1
Herse F,Müller DN,1
Dechend R,Gauster M,1
Coscia F,Dechend R,1
Dechend R,Herse F,1
Coscia F,Gauster M,1
Gauster M,Herse F,1
Coscia F,Herse F,2
Nimo J,Trinh M,1
Nimo J,Pentimalli T,1
Klingeberg M,Nimo J,1
Nimo J,Schallenberg S,1
Klauschen F,Nimo J,1
Florian S,Nimo J,1
Nimo J,Rajewsky N,1
Fritzsche S,Valdes DS,1
Fritzsche S,Trinh M,1
Fritzsche S,Pentimalli T,1
Fritzsche S,Klauschen F,1
Fritzsche S,Herse F,1
Florian S,Fritzsche S,1
Fritzsche S,Rajewsky N,1
Trinh M,Valdes DS,1
Pentimalli T,Valdes DS,1
Klingeberg M,Valdes DS,1
Schallenberg S,Valdes DS,1
Klauschen F,Valdes DS,1
Florian S,Valdes DS,1
Rajewsky N,Valdes DS,1
Pentimalli T,Trinh M,1
Klingeberg M,Trinh M,1
Schallenberg S,Trinh M,1
Klauschen F,Trinh M,1
Herse F,Trinh M,1
Florian S,Trinh M,1
Rajewsky N,Trinh M,1
Coscia F,Trinh M,1
Klingeberg M,Pentimalli T,1
Pentimalli T,Schallenberg S,1
Klauschen F,Pentimalli T,1
Herse F,Pentimalli T,1
Florian S,Pentimalli T,1
Pentimalli T,Rajewsky N,1
Coscia F,Pentimalli T,1
Klauschen F,Klingeberg M,1
Herse F,Klingeberg M,1
Florian S,Klingeberg M,1
Klingeberg M,Rajewsky N,1
Herse F,Schallenberg S,1
Florian S,Schallenberg S,1
Rajewsky N,Schallenberg S,1
Herse F,Klauschen F,1
Florian S,Klauschen F,1
Klauschen F,Rajewsky N,1
Coscia F,Klauschen F,1
Florian S,Herse F,1
Herse F,Rajewsky N,1
Florian S,Rajewsky N,1
Coscia F,Florian S,1
Coscia F,Rajewsky N,1
Metousis A,Xu TT,1
Kainacher L,Xu TT,1
Xu TT,Zhang X,1
Steigenberger B,Xu TT,1
Madden KG,Xu TT,1
Schweizer L,Xu TT,1
Duteil C,Xu TT,1
Rossini S,Xu TT,1
Lengyel E,Xu TT,1
Obermayr E,Xu TT,1
Shulman Z,Xu TT,1
Nordmann TM,Xu TT,1
Lindberg EL,Xu TT,1
Mann M,Xu TT,1
Murray PJ,Xu TT,1
Kainacher L,Metousis A,1
Metousis A,Zhang X,1
Metousis A,Steigenberger B,1
Madden KG,Metousis A,1
Duteil C,Metousis A,1
Metousis A,Rossini S,1
Metousis A,Obermayr E,1
Metousis A,Shulman Z,1
Lindberg EL,Metousis A,1
Kainacher L,Zhang X,1
Kainacher L,Steigenberger B,1
Kainacher L,Madden KG,1
Kainacher L,Schweizer L,1
Duteil C,Kainacher L,1
Kainacher L,Rossini S,1
Kainacher L,Lengyel E,1
Kainacher L,Obermayr E,1
Kainacher L,Shulman Z,1
Kainacher L,Nordmann TM,1
Kainacher L,Lindberg EL,1
Kainacher L,Mann M,1
Kainacher L,Murray PJ,1
Steigenberger B,Zhang X,1
Madden KG,Zhang X,1
Schweizer L,Zhang X,1
Duteil C,Zhang X,1
Rossini S,Zhang X,1
Lengyel E,Zhang X,1
Obermayr E,Zhang X,1
Shulman Z,Zhang X,1
Nordmann TM,Zhang X,1
Lindberg EL,Zhang X,1
Mann M,Zhang X,1
Murray PJ,Zhang X,1
Madden KG,Steigenberger B,1
Schweizer L,Steigenberger B,1
Duteil C,Steigenberger B,1
Rossini S,Steigenberger B,1
Lengyel E,Steigenberger B,1
Obermayr E,Steigenberger B,1
Shulman Z,Steigenberger B,1
Nordmann TM,Steigenberger B,1
Lindberg EL,Steigenberger B,1
Mann M,Steigenberger B,1
Murray PJ,Steigenberger B,1
Madden KG,Schweizer L,1
Duteil C,Madden KG,1
Madden KG,Rossini S,1
Lengyel E,Madden KG,1
Madden KG,Obermayr E,1
Madden KG,Shulman Z,1
Madden KG,Nordmann TM,1
Lindberg EL,Madden KG,1
Madden KG,Mann M,1
Madden KG,Murray PJ,1
Duteil C,Schweizer L,1
Rossini S,Schweizer L,1
Obermayr E,Schweizer L,1
Schweizer L,Shulman Z,1
Lindberg EL,Schweizer L,1
Duteil C,Rossini S,1
Duteil C,Lengyel E,1
Duteil C,Obermayr E,1
Duteil C,Shulman Z,1
Duteil C,Nordmann TM,1
Duteil C,Lindberg EL,1
Duteil C,Mann M,1
Duteil C,Murray PJ,1
Lengyel E,Rossini S,1
Obermayr E,Rossini S,1
Rossini S,Shulman Z,1
Nordmann TM,Rossini S,1
Lindberg EL,Rossini S,1
Mann M,Rossini S,1
Murray PJ,Rossini S,1
Lengyel E,Obermayr E,1
Lengyel E,Shulman Z,1
Lengyel E,Lindberg EL,1
Lengyel E,Murray PJ,1
Obermayr E,Shulman Z,1
Nordmann TM,Obermayr E,1
Lindberg EL,Obermayr E,1
Mann M,Obermayr E,1
Murray PJ,Obermayr E,1
Nordmann TM,Shulman Z,1
Lindberg EL,Shulman Z,1
Mann M,Shulman Z,1
Murray PJ,Shulman Z,1
Lindberg EL,Nordmann TM,1
Lindberg EL,Mann M,1
Lindberg EL,Murray PJ,1
Sjöstedt E,Weiss CAM,1
Debnath A,Weiss CAM,1
Diedrich L,Weiss CAM,1
Weiss CAM,Zwahlen M,1
Skarwan E,Weiss CAM,1
Heymann T,Weiss CAM,1
Oliinyk D,Weiss CAM,1
Kratz E,Weiss CAM,1
Braun C,Weiss CAM,1
Schunkert H,Weiss CAM,1
Johansson F,Weiss CAM,1
Lundberg E,Weiss CAM,1
Weiss CAM,von Feilitzen K,1
Lindskog C,Weiss CAM,1
Weiss CAM,von Scheidt M,1
Uhlén M,Weiss CAM,1
Debnath A,Sjöstedt E,1
Ben-Moshe S,Sjöstedt E,1
Diedrich L,Sjöstedt E,1
Sjöstedt E,Zwahlen M,1
Oeller M,Sjöstedt E,1
Sjöstedt E,Wahle M,1
Sjöstedt E,Skarwan E,1
Heymann T,Sjöstedt E,1
Oliinyk D,Sjöstedt E,1
Kratz E,Sjöstedt E,1
Metousis A,Sjöstedt E,1
Braun C,Sjöstedt E,1
Schunkert H,Sjöstedt E,1
Johansson F,Sjöstedt E,1
Lundberg E,Sjöstedt E,1
Sjöstedt E,von Feilitzen K,1
Lindskog C,Sjöstedt E,1
Rosenberger FA,Sjöstedt E,1
Sjöstedt E,von Scheidt M,1
Sjöstedt E,Uhlén M,1
Mann M,Sjöstedt E,1
Ben-Moshe S,Debnath A,1
Debnath A,Diedrich L,1
Debnath A,Zwahlen M,1
Debnath A,Oeller M,1
Debnath A,Wahle M,1
Debnath A,Skarwan E,1
Debnath A,Heymann T,1
Debnath A,Oliinyk D,1
Debnath A,Kratz E,1
Debnath A,Metousis A,1
Braun C,Debnath A,1
Debnath A,Schunkert H,1
Debnath A,Johansson F,1
Debnath A,Lundberg E,1
Debnath A,von Feilitzen K,1
Debnath A,Lindskog C,1
Debnath A,Rosenberger FA,1
Debnath A,von Scheidt M,1
Debnath A,Uhlén M,1
Debnath A,Mann M,1
Ben-Moshe S,Diedrich L,1
Ben-Moshe S,Zwahlen M,1
Ben-Moshe S,Oeller M,1
Ben-Moshe S,Wahle M,1
Ben-Moshe S,Skarwan E,1
Ben-Moshe S,Heymann T,1
Ben-Moshe S,Oliinyk D,1
Ben-Moshe S,Kratz E,1
Ben-Moshe S,Metousis A,1
Ben-Moshe S,Braun C,1
Ben-Moshe S,Schunkert H,1
Ben-Moshe S,Johansson F,1
Ben-Moshe S,Lundberg E,1
Ben-Moshe S,von Feilitzen K,1
Ben-Moshe S,Lindskog C,1
Ben-Moshe S,von Scheidt M,1
Ben-Moshe S,Uhlén M,1
Diedrich L,Zwahlen M,1
Diedrich L,Oeller M,1
Diedrich L,Wahle M,1
Diedrich L,Skarwan E,1
Diedrich L,Heymann T,1
Diedrich L,Oliinyk D,1
Diedrich L,Kratz E,1
Diedrich L,Metousis A,1
Braun C,Diedrich L,1
Diedrich L,Schunkert H,1
Diedrich L,Johansson F,1
Diedrich L,Lundberg E,1
Diedrich L,von Feilitzen K,1
Diedrich L,Lindskog C,1
Diedrich L,Rosenberger FA,1
Diedrich L,von Scheidt M,1
Diedrich L,Uhlén M,1
Diedrich L,Mann M,1
Oeller M,Zwahlen M,1
Wahle M,Zwahlen M,1
Skarwan E,Zwahlen M,1
Heymann T,Zwahlen M,1
Oliinyk D,Zwahlen M,1
Kratz E,Zwahlen M,1
Metousis A,Zwahlen M,1
Braun C,Zwahlen M,1
Schunkert H,Zwahlen M,1
Johansson F,Zwahlen M,1
Lundberg E,Zwahlen M,1
Zwahlen M,von Feilitzen K,1
Lindskog C,Zwahlen M,1
Rosenberger FA,Zwahlen M,1
Zwahlen M,von Scheidt M,1
Uhlén M,Zwahlen M,1
Mann M,Zwahlen M,1
Oeller M,Skarwan E,1
Kratz E,Oeller M,1
Braun C,Oeller M,1
Oeller M,Schunkert H,1
Johansson F,Oeller M,1
Lundberg E,Oeller M,1
Oeller M,von Feilitzen K,1
Lindskog C,Oeller M,1
Oeller M,von Scheidt M,1
Oeller M,Uhlén M,1
Skarwan E,Wahle M,1
Heymann T,Wahle M,1
Oliinyk D,Wahle M,1
Kratz E,Wahle M,1
Braun C,Wahle M,1
Schunkert H,Wahle M,1
Johansson F,Wahle M,1
Lundberg E,Wahle M,1
Wahle M,von Feilitzen K,1
Lindskog C,Wahle M,1
Wahle M,von Scheidt M,1
Uhlén M,Wahle M,1
Heymann T,Skarwan E,1
Oliinyk D,Skarwan E,1
Kratz E,Skarwan E,1
Metousis A,Skarwan E,1
Braun C,Skarwan E,1
Schunkert H,Skarwan E,1
Johansson F,Skarwan E,1
Lundberg E,Skarwan E,1
Skarwan E,von Feilitzen K,1
Lindskog C,Skarwan E,1
Rosenberger FA,Skarwan E,1
Skarwan E,von Scheidt M,1
Skarwan E,Uhlén M,1
Mann M,Skarwan E,1
Heymann T,Kratz E,2
Braun C,Heymann T,1
Heymann T,Schunkert H,1
Heymann T,Johansson F,1
Heymann T,Lundberg E,1
Heymann T,von Feilitzen K,1
Heymann T,Lindskog C,1
Heymann T,von Scheidt M,1
Heymann T,Uhlén M,1
Kratz E,Oliinyk D,1
Braun C,Oliinyk D,1
Oliinyk D,Schunkert H,1
Johansson F,Oliinyk D,1
Lundberg E,Oliinyk D,1
Oliinyk D,von Feilitzen K,1
Lindskog C,Oliinyk D,1
Oliinyk D,von Scheidt M,1
Oliinyk D,Uhlén M,1
Kratz E,Metousis A,2
Braun C,Kratz E,1
Kratz E,Schunkert H,1
Johansson F,Kratz E,1
Kratz E,Lundberg E,1
Kratz E,von Feilitzen K,1
Kratz E,Lindskog C,1
Kratz E,Rosenberger FA,1
Kratz E,von Scheidt M,1
Kratz E,Uhlén M,1
Kratz E,Mann M,2
Braun C,Metousis A,1
Metousis A,Schunkert H,1
Johansson F,Metousis A,1
Lundberg E,Metousis A,1
Metousis A,von Feilitzen K,1
Lindskog C,Metousis A,1
Metousis A,von Scheidt M,1
Metousis A,Uhlén M,1
Braun C,Schunkert H,1
Braun C,Johansson F,1
Braun C,Lundberg E,1
Braun C,von Feilitzen K,1
Braun C,Lindskog C,1
Braun C,Rosenberger FA,1
Braun C,von Scheidt M,1
Braun C,Uhlén M,1
Braun C,Mann M,1
Johansson F,Schunkert H,1
Lundberg E,Schunkert H,1
Schunkert H,von Feilitzen K,1
Lindskog C,Schunkert H,1
Rosenberger FA,Schunkert H,1
Schunkert H,von Scheidt M,1
Schunkert H,Uhlén M,1
Mann M,Schunkert H,1
Johansson F,Lundberg E,1
Johansson F,von Feilitzen K,1
Johansson F,Lindskog C,1
Johansson F,Rosenberger FA,1
Johansson F,von Scheidt M,1
Johansson F,Uhlén M,1
Johansson F,Mann M,1
Lundberg E,von Feilitzen K,1
Lindskog C,Lundberg E,1
Lundberg E,Rosenberger FA,1
Lundberg E,von Scheidt M,1
Lundberg E,Uhlén M,1
Lindskog C,von Feilitzen K,1
Rosenberger FA,von Feilitzen K,1
von Feilitzen K,von Scheidt M,1
Uhlén M,von Feilitzen K,1
Mann M,von Feilitzen K,1
Lindskog C,Rosenberger FA,1
Lindskog C,von Scheidt M,1
Lindskog C,Uhlén M,1
Lindskog C,Mann M,1
Rosenberger FA,von Scheidt M,1
Rosenberger FA,Uhlén M,1
Uhlén M,von Scheidt M,1
Mann M,von Scheidt M,1
Mann M,Uhlén M,1
Stadler R,Zwiebel M,1
Dummer R,Zwiebel M,1
Stadler R,Wahle M,1
Dummer R,Wahle M,1
Levesque MP,Stadler R,1
Dummer R,Stadler R,1
Nordmann TM,Stadler R,1
Mann M,Stadler R,1
Dummer R,Levesque MP,1
Dummer R,Nordmann TM,1
Dummer R,Mann M,1
Kratz E,Sinha A,1
Adeshara T,Kratz E,1
Kratz E,Paloschi V,1
Kratz E,Sachs N,1
Kratz E,Pauli J,1
Glukha N,Kratz E,1
Huber A,Kratz E,1
Kratz E,Schanda S,1
Branzan D,Kratz E,1
Bleckwehl T,Kratz E,1
Hayat S,Kratz E,1
Kratz E,Maegdefessel L,1
Adeshara T,Sinha A,1
Paloschi V,Sinha A,1
Sachs N,Sinha A,1
Pauli J,Sinha A,1
Glukha N,Sinha A,1
Huber A,Sinha A,1
Schanda S,Sinha A,1
Heymann T,Sinha A,1
Branzan D,Sinha A,1
Bleckwehl T,Sinha A,1
Hayat S,Sinha A,1
Maegdefessel L,Sinha A,1
Adeshara T,Paloschi V,1
Adeshara T,Sachs N,1
Adeshara T,Pauli J,1
Adeshara T,Glukha N,1
Adeshara T,Huber A,1
Adeshara T,Schanda S,1
Adeshara T,Metousis A,1
Adeshara T,Heymann T,1
Adeshara T,Branzan D,1
Adeshara T,Bleckwehl T,1
Adeshara T,Hayat S,1
Adeshara T,Maegdefessel L,1
Adeshara T,Mann M,1
Paloschi V,Sachs N,1
Paloschi V,Pauli J,1
Glukha N,Paloschi V,1
Huber A,Paloschi V,1
Paloschi V,Schanda S,1
Metousis A,Paloschi V,1
Heymann T,Paloschi V,1
Branzan D,Paloschi V,1
Bleckwehl T,Paloschi V,1
Hayat S,Paloschi V,1
Maegdefessel L,Paloschi V,1
Mann M,Paloschi V,1
Pauli J,Sachs N,1
Glukha N,Sachs N,1
Huber A,Sachs N,1
Sachs N,Schanda S,1
Metousis A,Sachs N,1
Heymann T,Sachs N,1
Branzan D,Sachs N,1
Bleckwehl T,Sachs N,1
Hayat S,Sachs N,1
Maegdefessel L,Sachs N,1
Mann M,Sachs N,1
Glukha N,Pauli J,1
Huber A,Pauli J,1
Pauli J,Schanda S,1
Metousis A,Pauli J,1
Heymann T,Pauli J,1
Branzan D,Pauli J,1
Bleckwehl T,Pauli J,1
Hayat S,Pauli J,1
Maegdefessel L,Pauli J,1
Mann M,Pauli J,1
Glukha N,Huber A,1
Glukha N,Schanda S,1
Glukha N,Metousis A,1
Glukha N,Heymann T,1
Branzan D,Glukha N,1
Bleckwehl T,Glukha N,1
Glukha N,Hayat S,1
Glukha N,Maegdefessel L,1
Glukha N,Mann M,1
Huber A,Schanda S,1
Huber A,Metousis A,1
Heymann T,Huber A,1
Branzan D,Huber A,1
Bleckwehl T,Huber A,1
Hayat S,Huber A,1
Huber A,Maegdefessel L,1
Huber A,Mann M,1
Metousis A,Schanda S,1
Heymann T,Schanda S,1
Branzan D,Schanda S,1
Bleckwehl T,Schanda S,1
Hayat S,Schanda S,1
Maegdefessel L,Schanda S,1
Mann M,Schanda S,1
Branzan D,Metousis A,1
Bleckwehl T,Metousis A,1
Hayat S,Metousis A,1
Maegdefessel L,Metousis A,1
Branzan D,Heymann T,1
Bleckwehl T,Heymann T,1
Hayat S,Heymann T,1
Heymann T,Maegdefessel L,1
Bleckwehl T,Branzan D,1
Branzan D,Hayat S,1
Branzan D,Maegdefessel L,1
Branzan D,Mann M,1
Bleckwehl T,Hayat S,1
Bleckwehl T,Maegdefessel L,1
Bleckwehl T,Mann M,1
Hayat S,Maegdefessel L,1
Hayat S,Mann M,1
Maegdefessel L,Mann M,1
Schmacke NA,Wallmann G,1
Bérouti M,Schmacke NA,1
Harz H,Schmacke NA,1
Leonhardt H,Schmacke NA,1
Hornung V,Schmacke NA,1
Mädler SC,Wallmann G,1
Bérouti M,Mädler SC,1
Harz H,Mädler SC,1
Leonhardt H,Mädler SC,1
Hornung V,Mädler SC,1
Metousis A,Wallmann G,1
Bérouti M,Wallmann G,1
Harz H,Wallmann G,1
Leonhardt H,Wallmann G,1
Mann M,Wallmann G,1
Hornung V,Wallmann G,1
Bérouti M,Metousis A,1
Harz H,Metousis A,1
Leonhardt H,Metousis A,1
Hornung V,Metousis A,1
Bérouti M,Harz H,1
Bérouti M,Leonhardt H,1
Bérouti M,Mann M,1
Bérouti M,Hornung V,1
Harz H,Leonhardt H,1
Harz H,Mann M,1
Harz H,Hornung V,1
Leonhardt H,Mann M,1
Hornung V,Leonhardt H,1
Hornung V,Mann M,1
Pedersen LM,Zheng X,1
Bzorek M,Zheng X,1
Gjerdrum LMR,Zheng X,1
Bzorek M,Pedersen LM,1
Mund A,Pedersen LM,1
Gjerdrum LMR,Pedersen LM,1
Mann M,Pedersen LM,1
Bzorek M,Gjerdrum LMR,1
Gjerdrum LMR,Mund A,1
Gjerdrum LMR,Mann M,1
