Source,Target,Type
Kratz E,PPR1281006,Author-Paper
Sinha A,PPR1281006,Author-Paper
Adeshara T,PPR1281006,Author-Paper
Paloschi V,PPR1281006,Author-Paper
Sachs N,PPR1281006,Author-Paper
Pauli J,PPR1281006,Author-Paper
Glukha N,PPR1281006,Author-Paper
Huber A,PPR1281006,Author-Paper
Schanda S,PPR1281006,Author-Paper
Metousis A,PPR1281006,Author-Paper
Heymann T,PPR1281006,Author-Paper
Branzan D,PPR1281006,Author-Paper
Bleckwehl T,PPR1281006,Author-Paper
Hayat S,PPR1281006,Author-Paper
Maegdefessel L,PPR1281006,Author-Paper
Mann M,PPR1281006,Author-Paper
Siemes D,42440036,Author-Paper
Novak A,42440036,Author-Paper
Thiebes S,42440036,Author-Paper
Widera L,42440036,Author-Paper
Tautges S,42440036,Author-Paper
Voss H,42440036,Author-Paper
Borgards L,42440036,Author-Paper
Habermann D,42440036,Author-Paper
Chen J,42440036,Author-Paper
Shevchuk O,42440036,Author-Paper
Engel DR,42440036,Author-Paper
Zwiebel M,PPR1277341,Author-Paper
Wahle M,PPR1277341,Author-Paper
Stadler R,PPR1277341,Author-Paper
Levesque MP,PPR1277341,Author-Paper
Dummer R,PPR1277341,Author-Paper
Nordmann TM,PPR1277341,Author-Paper
Mann M,PPR1277341,Author-Paper
Yang M,42381461,Author-Paper
Fan R,42381461,Author-Paper
Shen C,42427344,Author-Paper
Schoffer K,42427344,Author-Paper
Williams C,42427344,Author-Paper
Tanzer MC,42427344,Author-Paper
Weiss CAM,PPR1242524,Author-Paper
Sjöstedt E,PPR1242524,Author-Paper
Debnath A,PPR1242524,Author-Paper
Ben-Moshe S,PPR1242524,Author-Paper
Diedrich L,PPR1242524,Author-Paper
Zwahlen M,PPR1242524,Author-Paper
Oeller M,PPR1242524,Author-Paper
Wahle M,PPR1242524,Author-Paper
Skarwan E,PPR1242524,Author-Paper
Heymann T,PPR1242524,Author-Paper
Oliinyk D,PPR1242524,Author-Paper
Kratz E,PPR1242524,Author-Paper
Metousis A,PPR1242524,Author-Paper
Braun C,PPR1242524,Author-Paper
Schunkert H,PPR1242524,Author-Paper
Johansson F,PPR1242524,Author-Paper
Lundberg E,PPR1242524,Author-Paper
von Feilitzen K,PPR1242524,Author-Paper
Lindskog C,PPR1242524,Author-Paper
Rosenberger FA,PPR1242524,Author-Paper
von Scheidt M,PPR1242524,Author-Paper
Uhlén M,PPR1242524,Author-Paper
Mann M,PPR1242524,Author-Paper
Post F,40934911,Author-Paper
Hausmann A,40934911,Author-Paper
Kabatnik S,40934911,Author-Paper
Steigerwald S,40934911,Author-Paper
Brand A,40934911,Author-Paper
Clement DL,40934911,Author-Paper
Skov J,40934911,Author-Paper
Lõhmussaar K,40934911,Author-Paper
Larsen HL,40934911,Author-Paper
Maimets M,40934911,Author-Paper
Boye TL,40934911,Author-Paper
Jez G,40934911,Author-Paper
Sato T,40934911,Author-Paper
Steenholdt C,40934911,Author-Paper
Rosenberger F,40934911,Author-Paper
Mund A,40934911,Author-Paper
Nielsen OH,40934911,Author-Paper
Jensen KB,40934911,Author-Paper
Mann M,40934911,Author-Paper
Manickavel P,40675342,Author-Paper
Bhat M,40675342,Author-Paper
Fritzsche S,41629712,Author-Paper
Coscia F,41629712,Author-Paper
Hindson J,40360936,Author-Paper
Mardamshina M,PPR1010749,Author-Paper
Dorka N,PPR1010749,Author-Paper
Thielert M,PPR1010749,Author-Paper
Björklund F,PPR1010749,Author-Paper
Navarro FB,PPR1010749,Author-Paper
Casals AM,PPR1010749,Author-Paper
Kovacs F,PPR1010749,Author-Paper
Manning Fox JE,PPR1010749,Author-Paper
Horvath P,PPR1010749,Author-Paper
MacDonald PE,PPR1010749,Author-Paper
Mann M,PPR1010749,Author-Paper
Lundberg E,PPR1010749,Author-Paper
Gasparello T,41629719,Author-Paper
Pearson M,41629719,Author-Paper
von Kriegsheim A,41629719,Author-Paper
Min J,42013410,Author-Paper
Schweizer L,42013410,Author-Paper
Zonderland G,42013410,Author-Paper
Selvanesan BC,42013410,Author-Paper
Thomsen JH,42013410,Author-Paper
Oldenburg L,42013410,Author-Paper
Bae SW,42013410,Author-Paper
Kim B,42013410,Author-Paper
Hernández SD,42013410,Author-Paper
Jez G,42013410,Author-Paper
Bernard V,42013410,Author-Paper
Swanson BJ,42013410,Author-Paper
Klute KA,42013410,Author-Paper
Wang H,42013410,Author-Paper
Caffrey TC,42013410,Author-Paper
Grandgenett PM,42013410,Author-Paper
Hollingsworth MA,42013410,Author-Paper
Ummat I,42013410,Author-Paper
Strauss MT,42013410,Author-Paper
Mund A,42013410,Author-Paper
Maitra A,42013410,Author-Paper
Guedes J,40680990,Author-Paper
Woldmar N,40680990,Author-Paper
Szasz AM,40680990,Author-Paper
Wieslander E,40680990,Author-Paper
Pawłowski K,40680990,Author-Paper
Horvatovich P,40680990,Author-Paper
Malm J,40680990,Author-Paper
Szadai L,40680990,Author-Paper
Németh IB,40680990,Author-Paper
Marko-Varga G,40680990,Author-Paper
Gil J,40680990,Author-Paper
Zheng X,39814024,Author-Paper
Mund A,39814024,Author-Paper
Mann M,39814024,Author-Paper
Wang Y,41655216,Author-Paper
Wu Y,41655216,Author-Paper
Zhang F,41655216,Author-Paper
Periasamy P,41655216,Author-Paper
You H,41655216,Author-Paper
Goh D,41655216,Author-Paper
Fincham REA,41655216,Author-Paper
Ning X,41655216,Author-Paper
Wu D,41655216,Author-Paper
Liu L,41655216,Author-Paper
Jiang Y,41655216,Author-Paper
Qian Z,41655216,Author-Paper
Yeong J,41655216,Author-Paper
Zhang Y,41655216,Author-Paper
Chakrabarti S,41965357,Author-Paper
Makhmut A,41965357,Author-Paper
Mohammadi A,41965357,Author-Paper
Luo W,41965357,Author-Paper
Wang L,41965357,Author-Paper
Lewin GR,41965357,Author-Paper
Coscia F,41965357,Author-Paper
Xu TT,PPR1068194,Author-Paper
Metousis A,PPR1068194,Author-Paper
Kainacher L,PPR1068194,Author-Paper
Zhang X,PPR1068194,Author-Paper
Steigenberger B,PPR1068194,Author-Paper
Madden KG,PPR1068194,Author-Paper
Schweizer L,PPR1068194,Author-Paper
Duteil C,PPR1068194,Author-Paper
Rossini S,PPR1068194,Author-Paper
Lengyel E,PPR1068194,Author-Paper
Obermayr E,PPR1068194,Author-Paper
Shulman Z,PPR1068194,Author-Paper
Nordmann TM,PPR1068194,Author-Paper
Lindberg EL,PPR1068194,Author-Paper
Mann M,PPR1068194,Author-Paper
Murray PJ,PPR1068194,Author-Paper
Nimo J,PPR1052391,Author-Paper
Fritzsche S,PPR1052391,Author-Paper
Valdes DS,PPR1052391,Author-Paper
Trinh M,PPR1052391,Author-Paper
Pentimalli T,PPR1052391,Author-Paper
Klingeberg M,PPR1052391,Author-Paper
Schallenberg S,PPR1052391,Author-Paper
Klauschen F,PPR1052391,Author-Paper
Herse F,PPR1052391,Author-Paper
Florian S,PPR1052391,Author-Paper
Rajewsky N,PPR1052391,Author-Paper
Coscia F,PPR1052391,Author-Paper
Schweizer L,40578359,Author-Paper
Kenny HA,40578359,Author-Paper
Krishnan R,40578359,Author-Paper
Kelliher L,40578359,Author-Paper
Bilecz AJ,40578359,Author-Paper
Heide J,40578359,Author-Paper
Donle L,40578359,Author-Paper
Shimizu A,40578359,Author-Paper
Metousis A,40578359,Author-Paper
Mendoza R,40578359,Author-Paper
Nordmann TM,40578359,Author-Paper
Rauch S,40578359,Author-Paper
Richter S,40578359,Author-Paper
Li Y,40578359,Author-Paper
Rosenberger FA,40578359,Author-Paper
Strauss MT,40578359,Author-Paper
Kurnit KC,40578359,Author-Paper
Thielert M,40578359,Author-Paper
Rodriguez E,40578359,Author-Paper
Müller-Reif JB,40578359,Author-Paper
Yamada SD,40578359,Author-Paper
Theis FJ,40578359,Author-Paper
Mund A,40578359,Author-Paper
Lastra RR,40578359,Author-Paper
Mann M,40578359,Author-Paper
Lengyel E,40578359,Author-Paper
Oliinyk D,PPR1029109,Author-Paper
Heymann T,PPR1029109,Author-Paper
Henneberg L,PPR1029109,Author-Paper
Bardziukova A,PPR1029109,Author-Paper
Thielert M,PPR1029109,Author-Paper
Kjærgaard J,PPR1029109,Author-Paper
Zwiebel M,PPR1029109,Author-Paper
Vasconez S,PPR1029109,Author-Paper
Oeller M,PPR1029109,Author-Paper
Metousis A,PPR1029109,Author-Paper
Ugur E,PPR1029109,Author-Paper
Rodriguez EH,PPR1029109,Author-Paper
Rosenberger FA,PPR1029109,Author-Paper
Schallenberg S,PPR1029109,Author-Paper
Klauschen F,PPR1029109,Author-Paper
Mann M,PPR1029109,Author-Paper
Zheng X,PPR866889,Author-Paper
Pedersen LM,PPR866889,Author-Paper
Bzorek M,PPR866889,Author-Paper
Mund A,PPR866889,Author-Paper
Gjerdrum LMR,PPR866889,Author-Paper
Mann M,PPR866889,Author-Paper
Kabatnik S,39910169,Author-Paper
Zheng X,39910169,Author-Paper
Pappas G,39910169,Author-Paper
Steigerwald S,39910169,Author-Paper
Padula MP,39910169,Author-Paper
Mann M,39910169,Author-Paper
Migh E,PPR1002479,Author-Paper
Miczán V,PPR1002479,Author-Paper
Post F,PPR1002479,Author-Paper
Koos K,PPR1002479,Author-Paper
Beleon A,PPR1002479,Author-Paper
Kokai D,PPR1002479,Author-Paper
Iván ZZ,PPR1002479,Author-Paper
Grexa I,PPR1002479,Author-Paper
Moshkov N,PPR1002479,Author-Paper
Hollandi R,PPR1002479,Author-Paper
Csikos D,PPR1002479,Author-Paper
Hapek N,PPR1002479,Author-Paper
Kaptás F,PPR1002479,Author-Paper
Kovacs F,PPR1002479,Author-Paper
Kriston A,PPR1002479,Author-Paper
Mahdessian D,PPR1002479,Author-Paper
Axelsson U,PPR1002479,Author-Paper
Pal C,PPR1002479,Author-Paper
Lundberg E,PPR1002479,Author-Paper
Manczinger M,PPR1002479,Author-Paper
Mund A,PPR1002479,Author-Paper
Mann M,PPR1002479,Author-Paper
Horvath P,PPR1002479,Author-Paper
Boottanun P,40027887,Author-Paper
Fuseya S,40027887,Author-Paper
Kuno A,40027887,Author-Paper
Weiss CAM,41721135,Author-Paper
Brown LA,41721135,Author-Paper
Miranda L,41721135,Author-Paper
Pellizzoni P,41721135,Author-Paper
Steigerwald S,41721135,Author-Paper
Remmert K,41721135,Author-Paper
Hernandez JM,41721135,Author-Paper
Borgwardt K,41721135,Author-Paper
Kleiner DE,41721135,Author-Paper
Ben-Moshe S,41721135,Author-Paper
Rosenberger FA,41721135,Author-Paper
Porat-Shliom N,41721135,Author-Paper
Mann M,41721135,Author-Paper
Rosenberger FA,40240610,Author-Paper
Mädler SC,40240610,Author-Paper
Thorhauge KH,40240610,Author-Paper
Steigerwald S,40240610,Author-Paper
Fromme M,40240610,Author-Paper
Lebedev M,40240610,Author-Paper
Weiss CAM,40240610,Author-Paper
Oeller M,40240610,Author-Paper
Wahle M,40240610,Author-Paper
Metousis A,40240610,Author-Paper
Zwiebel M,40240610,Author-Paper
Schmacke NA,40240610,Author-Paper
Detlefsen S,40240610,Author-Paper
Boor P,40240610,Author-Paper
Fabián O,40240610,Author-Paper
Fraňková S,40240610,Author-Paper
Krag A,40240610,Author-Paper
Strnad P,40240610,Author-Paper
Mann M,40240610,Author-Paper
Zheng X,40536875,Author-Paper
Mund A,40536875,Author-Paper
Mann M,40536875,Author-Paper
Kabatnik S,39252972,Author-Paper
Post F,39252972,Author-Paper
Drici L,39252972,Author-Paper
Bartels AS,39252972,Author-Paper
Strauss MT,39252972,Author-Paper
Zheng X,39252972,Author-Paper
Madsen GI,39252972,Author-Paper
Mund A,39252972,Author-Paper
Rosenberger FA,39252972,Author-Paper
Moreira J,39252972,Author-Paper
Mann M,39252972,Author-Paper
Valdes DS,PPR1051520,Author-Paper
Nimo J,PPR1051520,Author-Paper
Nonn O,PPR1051520,Author-Paper
Ulrich J,PPR1051520,Author-Paper
Forstner D,PPR1051520,Author-Paper
Haider S,PPR1051520,Author-Paper
Ressler M,PPR1051520,Author-Paper
Pignitter M,PPR1051520,Author-Paper
Müller DN,PPR1051520,Author-Paper
Dechend R,PPR1051520,Author-Paper
Gauster M,PPR1051520,Author-Paper
Coscia F,PPR1051520,Author-Paper
Herse F,PPR1051520,Author-Paper
Makhmut A,37909047,Author-Paper
Qin D,37909047,Author-Paper
Fritzsche S,37909047,Author-Paper
Nimo J,37909047,Author-Paper
König J,37909047,Author-Paper
Coscia F,37909047,Author-Paper
Horvath P,40229558,Author-Paper
Coscia F,40229558,Author-Paper
Nordmann TM,37683827,Author-Paper
Schweizer L,37683827,Author-Paper
Metousis A,37683827,Author-Paper
Thielert M,37683827,Author-Paper
Rodriguez E,37683827,Author-Paper
Rahbek-Gjerdrum LM,37683827,Author-Paper
Stadler PC,37683827,Author-Paper
Bzorek M,37683827,Author-Paper
Mund A,37683827,Author-Paper
Rosenberger FA,37683827,Author-Paper
Mann M,37683827,Author-Paper
Klingeberg M,41418981,Author-Paper
Krisp C,41418981,Author-Paper
Fritzsche S,41418981,Author-Paper
Schallenberg S,41418981,Author-Paper
Hornburg D,41418981,Author-Paper
Coscia F,41418981,Author-Paper
Makhmut A,38513891,Author-Paper
Qin D,38513891,Author-Paper
Hartlmayr D,38513891,Author-Paper
Seth A,38513891,Author-Paper
Coscia F,38513891,Author-Paper
Nordmann TM,39415009,Author-Paper
Anderton H,39415009,Author-Paper
Hasegawa A,39415009,Author-Paper
Schweizer L,39415009,Author-Paper
Zhang P,39415009,Author-Paper
Stadler PC,39415009,Author-Paper
Sinha A,39415009,Author-Paper
Metousis A,39415009,Author-Paper
Rosenberger FA,39415009,Author-Paper
Zwiebel M,39415009,Author-Paper
Satoh TK,39415009,Author-Paper
Anzengruber F,39415009,Author-Paper
Strauss MT,39415009,Author-Paper
Tanzer MC,39415009,Author-Paper
Saito Y,39415009,Author-Paper
Gong T,39415009,Author-Paper
Thielert M,39415009,Author-Paper
Kimura H,39415009,Author-Paper
Silke N,39415009,Author-Paper
Rodriguez EH,39415009,Author-Paper
Restivo G,39415009,Author-Paper
Nguyen HH,39415009,Author-Paper
Gross A,39415009,Author-Paper
Feldmeyer L,39415009,Author-Paper
Joerg L,39415009,Author-Paper
Levesque MP,39415009,Author-Paper
Murray PJ,39415009,Author-Paper
Ingen-Housz-Oro S,39415009,Author-Paper
Mund A,39415009,Author-Paper
Abe R,39415009,Author-Paper
Silke J,39415009,Author-Paper
Ji C,39415009,Author-Paper
Ji C,39415009,Author-Paper
French LE,39415009,Author-Paper
Mann M,39415009,Author-Paper
Rosenberger FA,37783884,Author-Paper
Thielert M,37783884,Author-Paper
Strauss MT,37783884,Author-Paper
Schweizer L,37783884,Author-Paper
Ammar C,37783884,Author-Paper
Mädler SC,37783884,Author-Paper
Metousis A,37783884,Author-Paper
Skowronek P,37783884,Author-Paper
Wahle M,37783884,Author-Paper
Madden K,37783884,Author-Paper
Gote-Schniering J,37783884,Author-Paper
Semenova A,37783884,Author-Paper
Schiller HB,37783884,Author-Paper
Rodriguez E,37783884,Author-Paper
Nordmann TM,37783884,Author-Paper
Mund A,37783884,Author-Paper
Mann M,37783884,Author-Paper
Thielert M,37602975,Author-Paper
Itang EC,37602975,Author-Paper
Ammar C,37602975,Author-Paper
Rosenberger FA,37602975,Author-Paper
Bludau I,37602975,Author-Paper
Schweizer L,37602975,Author-Paper
Nordmann TM,37602975,Author-Paper
Skowronek P,37602975,Author-Paper
Wahle M,37602975,Author-Paper
Zeng WF,37602975,Author-Paper
Zhou XX,37602975,Author-Paper
Brunner AD,37602975,Author-Paper
Richter S,37602975,Author-Paper
Levesque MP,37602975,Author-Paper
Theis FJ,37602975,Author-Paper
Steger M,37602975,Author-Paper
Mann M,37602975,Author-Paper
Mund A,35590073,Author-Paper
Coscia F,35590073,Author-Paper
Kriston A,35590073,Author-Paper
Hollandi R,35590073,Author-Paper
Kovács F,35590073,Author-Paper
Brunner AD,35590073,Author-Paper
Migh E,35590073,Author-Paper
Schweizer L,35590073,Author-Paper
Santos A,35590073,Author-Paper
Bzorek M,35590073,Author-Paper
Naimy S,35590073,Author-Paper
Rahbek-Gjerdrum LM,35590073,Author-Paper
Dyring-Andersen B,35590073,Author-Paper
Bulkescher J,35590073,Author-Paper
Lukas C,35590073,Author-Paper
Eckert MA,35590073,Author-Paper
Lengyel E,35590073,Author-Paper
Gnann C,35590073,Author-Paper
Lundberg E,35590073,Author-Paper
Horvath P,35590073,Author-Paper
Mann M,35590073,Author-Paper
Wünnemann F,41044418,Author-Paper
Sicklinger F,41044418,Author-Paper
Bestak K,41044418,Author-Paper
Nimo J,41044418,Author-Paper
Thiemann T,41044418,Author-Paper
Amrute JM,41044418,Author-Paper
Nordbeck M,41044418,Author-Paper
Hartmann N,41044418,Author-Paper
Ibarra-Arellano MA,41044418,Author-Paper
Tanevski J,41044418,Author-Paper
Chazotte M,41044418,Author-Paper
Heine C,41044418,Author-Paper
Frey N,41044418,Author-Paper
Lavine KJ,41044418,Author-Paper
Coscia F,41044418,Author-Paper
Saez-Rodriguez J,41044418,Author-Paper
Leuschner F,41044418,Author-Paper
Schapiro D,41044418,Author-Paper
Schmacke NA,PPR669390,Author-Paper
Mädler SC,PPR669390,Author-Paper
Wallmann G,PPR669390,Author-Paper
Metousis A,PPR669390,Author-Paper
Bérouti M,PPR669390,Author-Paper
Harz H,PPR669390,Author-Paper
Leonhardt H,PPR669390,Author-Paper
Mann M,PPR669390,Author-Paper
Hornung V,PPR669390,Author-Paper
Makhmut A,41233595,Author-Paper
Dragomir MP,41233595,Author-Paper
Fritzsche S,41233595,Author-Paper
Moebs M,41233595,Author-Paper
Schmitt WD,41233595,Author-Paper
Taube ET,41233595,Author-Paper
Coscia F,41233595,Author-Paper
